Ngay,NhietDoToiDa,NhietDoToiThieu,NhietDo,NhietDoCamGiac,SuongMu,DoAm,Mua,XacSuatMua,LuongMua,TocDoGio,HuongGio,ApSuat,MayBaoPhu,TamNhin,ChiSoUV,KetLuan
1/1/2020,34.5,22,28.6,29.4,18.6,57.5,0,0,0,18.4,73,1015,30.8,9.8,9,Co may
1/2/2020,35.1,23,28.8,30.3,20,61.3,0,0,0,16.2,94.1,1016,35.2,9.7,8,Co may
1/3/2020,34,23.6,28.5,29.4,20.2,63.7,0,0,0,12.8,127.9,1014.1,32.6,10.2,5,Co may
1/4/2020,33,23.6,27.7,28.5,20.7,68.4,0,0,0,13,112.5,1012.5,37.5,10,5,Co may
1/5/2020,32.5,22.6,27.2,28,20.1,67.1,0,0,0,11.9,160.3,1012.4,24.6,9.9,9,Co may
1/6/2020,33.4,23,27.9,28.9,20.4,66.6,0,0,0,13,121.3,1013.2,34.7,9.2,9,Co may
1/7/2020,34.6,24,29.4,31,21,62.9,0,0,0,14,109.3,1011.7,44.1,9.6,9,Co may
1/8/2020,34.6,25,28.8,30.6,22.4,71.2,0,0,0,13.4,100.2,1012.1,42.7,9.5,9,Co may
1/9/2020,34.8,23.6,28.4,29.5,20.9,67.1,0,0,0,18.8,117.2,1010.4,30.9,9.6,9,Co may
1/10/2020,34,23.6,28.7,29.9,20.5,63.5,0,0,0,15.8,131.5,1010,28,10.1,9,Co may
1/11/2020,32,24,27.9,29.8,22.7,74.8,0,0,0,14.8,221.3,1010.3,40.4,8.6,8,Co may
1/12/2020,31.8,24.4,27.4,29,22.8,77.2,10,100,4.17,17.3,168.7,1010.5,51.7,8.9,8,"Mua, Co may"
1/13/2020,34,23,27.6,27.9,19.6,65.9,0.4,100,8.33,16.9,112.8,1010.3,30.8,9.3,9,"Mua, Co may"
1/14/2020,33.6,23,27,27.3,18.8,63.8,0,0,0,20.2,171.5,1011.8,24.3,8.7,9,Co may
1/15/2020,34,21.6,27.5,27.8,18.6,61.9,0,0,0,18.4,106.9,1011.8,24.2,9.4,9,Co may
1/16/2020,34,22.6,28.1,29.2,20.7,67.4,0,0,0,14.8,135.5,1012.1,36.4,7.6,8,Co may
1/17/2020,34,24.3,28.2,29.4,21,68,0,0,0,18.4,113.1,1012.8,38.5,8.1,8,Co may
1/18/2020,31.9,23.6,27.2,28.5,21.3,71.5,0,0,0,18.4,156.2,1012.5,38.9,7.9,8,Co may
1/19/2020,33.6,23,27.9,28.7,20.2,65.7,0,0,0,19.6,111.2,1012.8,32,9.1,8,Co may
1/20/2020,34,23,28.4,29.3,19.9,62.9,0,0,0,17.6,141.1,1013.6,28,9.6,9,Co may
1/21/2020,35.4,25,29.4,30.2,19.3,57.4,0,0,0,19.2,121.3,1014.7,30.5,9.9,9,Co may
1/22/2020,33.8,24,28.9,30.1,20.1,60.7,0,0,0,16.9,119.4,1013.8,35.5,10.3,9,Co may
1/23/2020,34,25,29,29.4,17.7,51.9,0,0,0,17.3,125.3,1012.8,42.4,10.3,9,Co may
1/24/2020,34.6,23,28.4,28.6,17.9,55.5,0,0,0,18.8,116.5,1012.6,28.9,10.3,9,Co may
1/25/2020,33.4,24.6,28.1,29.1,21,67.6,0,0,0,21.3,141.9,1011.5,32.3,10.1,9,Co may
1/26/2020,33.4,24,27.8,28.6,21.9,73.2,0,0,0,17.6,140.8,1011.1,36.4,10.3,9,Co may
1/27/2020,32,24.9,27.4,28.3,22,74.3,0,0,0,21.2,143.5,1011.2,42.7,10.3,9,Co may
1/28/2020,32,24,27.2,28.1,21.4,72.5,0,0,0,18.4,144,1011.6,45.9,10.3,9,Co may
1/29/2020,32.6,23.9,27.4,28.5,21.7,73,0,0,0,18.8,137.4,1012.8,45.9,10.3,9,Co may
1/30/2020,33,24,27.7,28.8,21.5,71,0.2,100,8.33,16.6,186,1012.3,48.6,10.2,9,"Mua, Co may"
1/31/2020,31,23,26.9,27.9,20.5,69.1,0.3,100,12.5,15.5,136.4,1013,50.2,9.7,9,"Mua, Co may"
2/1/2020,31.4,24,27.2,27.5,18.2,59,0,0,0,15.4,141.9,1013.6,49,10,9,Co may
2/2/2020,31.6,22,26.5,26.9,18.7,64,0,0,0,13.1,160.2,1014.7,35.7,9.3,9,Co may
2/3/2020,33,21.4,27.1,27.2,17.9,60.9,0,0,0,19.2,101.6,1014,36.1,9.5,9,Co may
2/4/2020,34.6,22,27.6,27.8,18.2,60.1,0,0,0,23.4,114,1012.7,31.6,10,9,Co may
2/5/2020,33.6,22,27.6,27.7,17.7,57.4,0,0,0,17.6,115.5,1012.3,30.3,10,9,Co may
2/6/2020,32,22.2,27,26.8,15.2,50.3,0,0,0,17.6,129,1013.4,23.7,10.3,9,Co may
2/7/2020,34.4,22.6,27.7,27.6,17,56.7,0,0,0,17.6,106.2,1013.6,14.8,9.7,10,Khong co may
2/8/2020,34.4,22,27.8,28.7,19.3,63.1,0,0,0,15.8,148.3,1013.4,39.1,10,8,Co may
2/9/2020,31.8,25,28.5,29.1,18.2,54.5,0.1,100,4.17,15.1,51.1,1013.3,51.5,10.1,7,"Mua, Co may"
2/10/2020,32.9,23,27.8,28.2,17.5,54.9,0,0,0,13,130.9,1013.5,45.6,10.1,8,Co may
2/11/2020,34.9,23,29,30.1,19.8,60.2,0,0,0,23.4,116.5,1013.9,43.4,10.3,9,Co may
2/12/2020,34.9,26,29.6,31.2,20.1,58.1,0,0,0,23.4,121.6,1013.5,35.2,10.3,10,Co may
2/13/2020,35.2,25.6,29,30.5,21.9,68.1,0,0,0,20.9,139.2,1012.7,30,10.3,10,Co may
2/14/2020,32.1,25,27.8,29.5,22.4,73.6,0,0,0,16.6,153.8,1011.6,46.2,10.3,10,Co may
2/15/2020,32.4,24.9,28.2,29.7,21.6,69,0,0,0,20.9,154.6,1012.3,41.3,10.3,10,Co may
2/16/2020,34.6,24,28.8,31,22.6,71.3,0,0,0,17.3,159.5,1013.1,47.2,10.3,9,Co may
2/17/2020,36,24.4,28.7,30.9,23,74.3,0,0,0,18.5,95.8,1013.8,58.2,9.3,9,Co may
2/18/2020,33,25,28.2,29.1,20.6,66.2,0.9,100,4.17,15.8,118.6,1014,52.8,9.3,10,"Mua, Co may"
2/19/2020,35,22,27.9,28.1,17.6,56.5,0,0,0,19.2,90.9,1014.1,31.1,9.6,10,Co may
2/20/2020,34,22.6,28.2,28.6,18.9,60.8,0,0,0,16.4,189.3,1014,40.4,8.6,10,Co may
2/21/2020,34.7,23.5,29,29.3,17.5,51.8,0,0,0,19.2,74.8,1015.1,36.8,10.3,10,Co may
2/22/2020,34.6,22,28.2,28.2,16.4,51.5,0.1,100,4.17,17.3,64.6,1015.7,25,10.2,10,"Mua, Co may"
2/23/2020,34.6,23,28.1,28.2,16.2,50.2,0,0,0,18.9,73,1014.9,26.7,10.3,10,Co may
2/24/2020,34.6,22.1,28.1,28,16.2,51.3,0,0,0,16.6,82.9,1013.3,33.8,9.7,10,Co may
2/25/2020,33.9,23,28.4,29,18.4,57.1,0,0,0,18.4,147.4,1011.9,33.6,9.8,10,Co may
2/26/2020,35.2,24,29.1,30.2,19.6,58.6,0,0,0,20.9,95.2,1012.1,35.5,9.4,9,Co may
2/27/2020,34.9,24,29.1,29.6,18.2,54,0,0,0,23.1,115.8,1011.3,34.3,9.9,10,Co may
2/28/2020,35,23.4,28.5,28.8,17.5,53.3,0,0,0,19.6,176.2,1011.1,24.3,10.3,10,Co may
2/29/2020,34.3,24.6,28.8,29.8,19.2,57.7,0,0,0,18.3,117.9,1010.5,38,10.3,10,Co may
3/1/2020,34.8,25.6,29.4,31,20.4,59.9,0,0,0,18.9,125.9,1010.9,41.1,10.3,10,Co may
3/2/2020,35,25.9,29.5,31.2,20.7,60.7,0.1,100,4.17,24.5,130.2,1010.8,39.5,10.3,9,"Mua, Co may"
3/3/2020,35,25.6,29.2,30.7,19.8,58.3,0,0,0,21.3,112.5,1011,39.2,10.2,9,Co may
3/4/2020,34,25.9,28.9,30.3,20.5,62.1,0,0,0,21.6,133,1011.2,39.6,10.3,9,Co may
3/5/2020,34,25.9,29.1,30.3,20.5,61.7,0,0,0,22,137.1,1011.8,41.4,10.3,8,Co may
3/6/2020,34.1,26,28.7,29.7,20.5,63,0,0,0,15.8,132.8,1013.1,42.3,10.3,8,Co may
3/7/2020,34.2,25.5,28.6,30.2,21.9,69.4,0,0,0,19.5,142.1,1012.7,31.1,10,9,Co may
3/8/2020,34.4,26,29.4,32.2,23.1,71.2,0,0,0,15.1,207.8,1010.5,39.3,10.3,9,Co may
3/9/2020,34.6,27,29.6,34.8,24.8,77,0,0,0,16.6,187.8,1009.1,49.5,10.3,9,Co may
3/10/2020,35,27,29.8,34.9,24.7,75.7,5.6,100,50,18.2,158.5,1009.4,56.5,10,9,"Mua, Co may"
3/11/2020,33,26.9,29.2,33.1,23.2,71.2,0.4,100,16.67,20,146.3,1011.6,48.8,10,9,"Mua, Co may"
3/12/2020,36,26,30.2,32,20.7,58.8,0,0,0,19.6,137.9,1012.4,36.1,10.3,10,Co may
3/13/2020,34.4,25.6,29.4,32.3,22.6,68.1,0,0,0,19.9,151,1012.8,40.3,10.3,10,Co may
3/14/2020,34,26.9,29.4,32.1,21.9,65.8,0,0,0,20.1,139.6,1011.9,45.4,10.4,10,Co may
3/15/2020,36.4,26.4,30.4,32.1,20.1,56.3,0,0,0,21.9,137.8,1011.7,28.5,10.3,10,Co may
3/16/2020,36.6,25.6,30.1,31.4,19.7,56.5,0,0,0,20.5,112.1,1012.2,31.6,10.1,10,Co may
3/17/2020,35.9,26.4,30.1,31.9,20.2,57.4,0,0,0,17.4,127.8,1012.6,38.3,10.1,10,Co may
3/18/2020,34.9,26,29.6,31.8,21.6,64.8,0,0,0,20,143.8,1011.5,35,10.2,10,Co may
3/19/2020,34.6,26.9,29.6,32,21.5,64.4,0,0,0,19.2,146.9,1011.5,40.5,10.3,10,Co may
3/20/2020,34.3,26,29.4,30.7,20.1,60.5,0.3,100,12.5,22,144.4,1012.3,31.3,10.3,9,"Mua, Co may"
3/21/2020,34.8,26,29.3,31.3,22.1,68.2,1.7,100,20.83,20.7,139.3,1012.5,44.3,10.3,10,"Mua, Co may"
3/22/2020,34,26,29.2,31.8,22.5,69.1,0,0,0,18.9,142.8,1011.8,47.9,10.2,10,Co may
3/23/2020,34,26.9,29.3,32.1,22.3,68.2,0.9,100,29.17,21.6,145.9,1011.2,41.6,10.3,9,"Mua, Co may"
3/24/2020,34,26,29.2,31,21.4,65.4,0,0,0,18.2,140.4,1010.5,31.7,10.3,9,Co may
3/25/2020,34.8,26.9,29.7,33,22.7,68,0,0,0,22.3,136.9,1009.4,41.8,10.3,10,Co may
3/26/2020,34.4,26.9,29.7,32.6,22.3,66.9,0,0,0,22.6,140.4,1010.5,31.6,10.3,10,Co may
3/27/2020,34,26,29.3,32.5,22.8,69.7,0,0,0,18.4,145.3,1011.3,45,10.3,9,Co may
3/28/2020,33,26.9,29.3,32.6,22.8,69.3,0,0,0,14.8,154.9,1010.3,48.1,10.3,9,Co may
3/29/2020,35.2,27,29.9,32.6,21.9,65.2,0,0,0,19.2,145.7,1009.7,32.4,10.3,10,Co may
3/30/2020,35,26.9,30,33.9,23.3,69.7,0,0,0,16.2,147.6,1010,46.7,10.3,10,Co may
3/31/2020,35.4,27,30.2,34.4,23.5,69.6,0,0,0,18,146.8,1010.4,58.3,10.3,10,Co may
4/1/2020,35,27.4,30.5,35,23.7,68.8,0,0,0,20.5,145.8,1010,40.5,10.3,9,Co may
4/2/2020,35.6,27,30.6,33.7,21.9,62.4,0.1,100,4.17,22.3,136.4,1010.6,42.6,10.3,10,"Mua, Co may"
4/3/2020,36.7,27.5,31,33.7,21.1,58.4,0,0,0,22.9,134.2,1010.9,29.9,10.3,10,Co may
4/4/2020,35.8,27.4,30.9,34.5,22.4,62.5,0,0,0,21.6,127.7,1010.9,33.7,10.3,10,Co may
4/5/2020,37.6,27,31.3,33.7,20.5,56,0,0,0,24.1,125.8,1011.3,27.4,10.3,10,Co may
4/6/2020,35,27.4,30.5,34.2,22.6,64.7,0,0,0,19.6,139.5,1010.8,43.3,10.3,9,Co may
4/7/2020,33.6,27.9,30,33.9,23,67.1,0.5,100,16.67,22.3,150.4,1010.6,41.2,10.3,9,"Mua, Co may"
4/8/2020,34.2,27.4,29.7,34.7,24.2,73.2,0.1,100,4.17,18.4,142,1011.1,65.3,10.2,8,"Mua, Co may"
4/9/2020,34.9,26.4,29.6,34.1,24.2,74.8,0.5,100,20.83,22,110.5,1011.6,64.1,9.2,5,"Mua, Co may"
4/10/2020,34.5,26.9,29.3,34,24.3,75.8,0,0,0,17.8,123.7,1012.4,48.5,9.8,8,Co may
4/11/2020,33,27,29.7,34.1,23.8,71.4,0,0,0,17.3,140.1,1012.1,43,10.3,10,Co may
4/12/2020,33.9,27.9,29.8,35,24.4,73.7,0.6,100,4.17,20,133,1010.8,47.8,10,9,"Mua, Co may"
4/13/2020,31,26,28.2,31.2,24.4,81.2,9.6,100,45.83,14.8,143.3,1011.1,59.3,8.8,7,"Mua, Co may"
4/14/2020,34.4,26,28.7,31.4,23.9,78,1.9,100,50,21.8,128,1011.5,57.9,7.3,10,"Mua, Co may"
4/15/2020,34.2,25,29,31.8,23.3,73.7,1.6,100,33.33,16.6,185.4,1011.4,56.4,8.6,8,"Mua, Co may"
4/16/2020,34.6,26,30,33.1,22.4,65.4,0.3,100,12.5,19.6,129,1010.6,45.2,9.7,5,"Mua, Co may"
4/17/2020,34.8,27,30.2,34.4,23.4,68.6,0.4,100,16.67,23.1,138.6,1010.9,41.5,10.3,9,"Mua, Co may"
4/18/2020,35,26,30,33.9,23.7,71,0,0,0,15.7,130,1011.8,42,10.2,10,Co may
4/19/2020,35.3,27.4,30.5,35.7,24.2,70.5,0,0,0,17.7,155.3,1010.8,41.2,10.3,8,Co may
4/20/2020,35.6,27.9,30.7,35.6,23.9,69,0,0,0,19.6,142.6,1010.8,38.4,10.3,10,Co may
4/21/2020,36.4,27,30.8,35.7,23.9,68.7,0,0,0,21.6,135.2,1009.8,37.7,10.3,7,Co may
4/22/2020,34.9,27,30.9,36.8,24.7,71.5,0,0,0,17.7,142.7,1009.7,52.4,10.3,6,Co may
4/23/2020,37,28.9,31.9,37.2,23.8,64.4,0,0,0,22.3,137.3,1009.7,51,10.3,5,Co may
4/24/2020,36.7,28,30.5,35.2,23.6,67.8,17,100,4.17,17.8,141.4,1009.8,44.9,10,4,"Mua, Co may"
4/25/2020,36.6,26,29.1,31.2,23.2,73.4,0.1,100,4.17,26.4,150.9,1010,45.7,9.8,7,"Mua, Co may"
4/26/2020,35,25,28.5,30.2,23.6,77.6,9.2,100,4.17,20.8,166,1010.6,50.6,9.8,7,"Mua, Co may"
4/27/2020,35,25,28.8,31.3,23.4,75.4,0.1,100,4.17,25.5,179.1,1011,48.4,8.4,8,"Mua, Co may"
4/28/2020,36,25.6,29.6,32.5,23.1,70.7,0.4,100,16.67,14.1,159.8,1010.7,51.8,9.6,6,"Mua, Co may"
4/29/2020,36.4,26,30.9,33.3,21.1,58.5,0,0,0,20.5,113.8,1009.9,47.4,10.3,10,Co may
4/30/2020,36.3,26.6,31.1,34,21.7,59.2,0.4,100,16.67,22.7,130.1,1010.3,40,10.3,10,"Mua, Co may"
5/1/2020,36.2,27,30.8,34.1,21.9,61.4,0,0,0,22.3,131.1,1009.2,34.5,10.3,10,Co may
5/2/2020,34.4,28,30.5,34.6,22.9,65.4,0,0,0,18.4,144.5,1008.7,46.7,10,10,Co may
5/3/2020,35.2,27.6,30.9,36.5,24.4,69.7,0,0,0,19.3,142.4,1008.9,50.2,10.1,8,Co may
5/4/2020,34.9,28.4,30.9,37.1,24.8,71.3,1.6,100,45.83,15.8,147.4,1009.4,47.5,10.2,9,"Mua, Co may"
5/5/2020,36.4,29,31.3,37.5,24.7,69.6,0.1,100,4.17,17.3,183.5,1008.6,58.7,10.1,9,"Mua, Co may"
5/6/2020,36,29,31.6,37.4,24.2,67.2,0,0,0,15.5,162.5,1008.4,56.2,10.3,6,Co may
5/7/2020,35.4,28.8,31.5,38,24.8,69,0,0,0,18.9,147.8,1007.9,49.6,10.3,9,Co may
5/8/2020,36,29,31.5,38.1,25,70.1,1.3,100,41.67,17.7,169.6,1008.1,55.7,9.7,8,"Mua, Co may"
5/9/2020,36.6,28.9,31.9,38.4,24.7,67.8,0,0,0,18.4,161.4,1008.7,56.7,10.3,9,Co may
5/10/2020,36.3,29,31.8,37.9,24.4,67,0,0,0,19.6,157.8,1008.8,53.5,10.3,8,Co may
5/11/2020,35.6,29.9,31.9,37.6,23.9,64.2,0,0,0,14.8,156.1,1009.4,61.7,10.3,9,Co may
5/12/2020,36.6,28.9,31.9,37.3,23.7,64.3,0,0,0,17.6,140.1,1008.9,53.1,10.3,9,Co may
5/13/2020,36.6,28.9,31.8,38,24.5,67,0,0,0,20.3,140.9,1008.9,44.4,10.3,9,Co may
5/14/2020,37,29,31.9,37.9,24.2,65.6,0,0,0,21.3,123.2,1008.5,51.8,10.3,8,Co may
5/15/2020,36,29,31.5,38,24.8,69.2,0.1,100,4.17,16.6,143.2,1006.6,49.6,10.3,7,"Mua, Co may"
5/16/2020,35.6,25.4,30.6,37.1,25.5,75.9,1.2,100,8.33,14,168.6,1006.1,57.2,9.4,6,"Mua, Co may"
5/17/2020,35.6,29,31.2,37,24.4,68.7,6.8,100,54.17,18.9,189.3,1006.2,47.5,10.3,5,"Mua, Co may"
5/18/2020,36.6,28.4,31.8,38.2,24.7,68,0,0,0,22,213,1006.2,49.8,10.3,6,Co may
5/19/2020,37.2,26.4,30.5,35.8,24.5,73.1,0.9,100,4.17,26.6,217.6,1006.6,55.7,9.8,5,"Mua, Co may"
5/20/2020,33,27,28.9,35.4,26.1,85,1.6,100,8.33,16.2,200.9,1007.6,55.3,9.7,6,"Mua, Co may"
5/21/2020,36,26.4,31,37.3,25.2,73.2,0,0,0,17.6,215,1007.7,51.9,10.1,5,Co may
5/22/2020,35.6,28.4,30.7,38.4,26,76.9,7,100,4.17,14,200.4,1007.3,53.8,9.8,4,"Mua, Co may"
5/23/2020,33,27.1,29.7,36.8,26,81.4,0.1,100,4.17,16.9,222.1,1008.5,54.3,9.4,5,"Mua, Co may"
5/24/2020,34.9,26.6,30,35.1,24.8,75.7,33.3,100,66.67,22.3,247.5,1009.9,54.6,9.7,5,"Mua, Co may"
5/25/2020,35,26,28.5,32.8,25.5,85.8,21,100,8.33,22.3,174.8,1011.1,52.7,8.7,7,"Mua, Co may"
5/26/2020,36,26,31.1,36.9,25,72.7,0.1,100,4.17,17.1,209.8,1010.6,44.8,9.2,7,"Mua, Co may"
5/27/2020,35.4,24.4,30,35.3,24.9,76.6,1.1,100,41.67,22.8,238.4,1010.2,52.4,9.3,5,"Mua, Co may"
5/28/2020,34,27,29,35.2,26,84.5,2,100,4.17,16.2,196.1,1009.9,63.5,8.7,4,"Mua, Co may"
5/29/2020,34.4,26.3,29.3,34.8,25.6,82.4,2.7,100,41.67,18.1,172.8,1010.5,56.7,9.7,7,"Mua, Co may"
5/30/2020,34,25.2,28,30.8,25.5,88.4,11,100,12.5,9.7,178.1,1011.5,52.7,8.9,5,"Mua, Co may"
5/31/2020,33.4,26,29.5,34.5,25.5,80.4,0.1,100,4.17,13.4,134.8,1011.4,43.7,9.3,7,"Mua, Co may"
6/1/2020,35,24.4,29.6,34.7,24.8,77,14.7,100,66.67,19.2,192.8,1010.7,60.1,9.4,6,"Mua, Co may"
6/2/2020,33,24,27.5,30.2,24.4,84.3,0.3,100,8.33,23.7,187,1010.5,55.8,9.2,5,"Mua, Co may"
6/3/2020,34.6,25.9,28.4,31.1,24.7,82.8,8,100,66.67,20.5,197.3,1009.1,50.9,9.2,7,"Mua, Co may"
6/4/2020,33,25,27.7,30.5,25.3,87.8,4,100,4.17,16.1,236.3,1009.1,54,9.1,5,"Mua, Co may"
6/5/2020,33.5,25,28.4,32.1,24.9,82.6,5.9,100,66.67,13.6,212.7,1009.4,51.7,8.5,5,"Mua, Co may"
6/6/2020,32,26,28.6,33.8,25.4,83.6,1,100,4.17,14.4,246.3,1009.3,50.9,10,5,"Mua, Co may"
6/7/2020,35.4,26.6,30.1,34.9,24.5,74.4,15,100,4.17,17.8,213.4,1008.5,47.3,9.5,6,"Mua, Co may"
6/8/2020,35,26,30.7,36.4,24.9,73.3,12.1,100,54.17,17.6,255.7,1007.6,46.6,10.2,7,"Mua, Co may"
6/9/2020,34,24.8,29.7,35.2,25,77.3,3.1,100,54.17,17.1,223.7,1008.1,52.7,9.9,7,"Mua, Co may"
6/10/2020,32,25,27.4,30.4,25.3,88.9,7.3,100,4.17,23.4,210.5,1008.8,63.7,8.2,4,"Mua, Co may"
6/11/2020,32.3,25,28.8,33,25,81.4,0.1,100,4.17,13.7,226.5,1007.7,60.3,8.6,5,"Mua, Co may"
6/12/2020,33.6,25,29.7,34.4,24.8,76.6,6.8,100,58.33,20,261.6,1005.7,49.8,9.9,5,"Mua, Co may"
6/13/2020,35,25,28.4,32,25,83.7,10.3,100,4.17,24.2,243.5,1005.7,59.9,9.2,6,"Mua, Co may"
6/14/2020,31.4,25.4,26.9,28.5,25.4,91.8,78.7,100,12.5,15.8,206.2,1008.1,60.3,8.6,4,"Mua, Co may"
6/15/2020,32.6,25,27.5,30.7,25.4,89.2,6,100,8.33,15.9,193.8,1009.8,59,8.4,4,"Mua, Co may"
6/16/2020,33.4,24,28.1,31.2,25.4,86.7,1.3,100,8.33,24.2,194.7,1009.8,61,8.5,6,"Mua, Co may"
6/17/2020,33.9,25,27.7,31.2,25.4,88.2,0.5,100,4.17,22,196,1009.1,48.8,8,6,"Mua, Co may"
6/18/2020,34.5,26,30,34.3,24.5,74.7,8,100,66.67,15.8,230.6,1008.5,44.8,9.7,5,"Mua, Co may"
6/19/2020,34,27,29.8,35.9,25.4,78.1,1,100,4.17,12.5,260.3,1008.4,54,9.4,4,"Mua, Co may"
6/20/2020,34.1,26,29.7,35.4,25.3,78.3,0.1,100,4.17,14.7,190,1008.2,64.8,9.6,4,"Mua, Co may"
6/21/2020,32.2,25.5,27.5,30.9,25.5,89.5,10.1,100,8.33,23.5,235.3,1007.4,61.5,9.1,5,"Mua, Co may"
6/22/2020,34,25,28.9,32.6,24.6,79.7,3.6,100,54.17,20.3,183.5,1007.4,54.5,9.6,5,"Mua, Co may"
6/23/2020,35,26,30.2,35.3,24.6,73.8,0.1,100,4.17,11.2,234.4,1008.1,58,9.7,7,"Mua, Co may"
6/24/2020,34.5,24.6,29.2,34.1,24.8,78.5,2.5,100,54.17,19.6,229.8,1008.1,53.3,9.3,4,"Mua, Co may"
6/25/2020,31.1,25,26.9,29.4,25.3,91.4,3,100,8.33,16.1,220.8,1008.2,57.1,7.8,5,"Mua, Co may"
6/26/2020,33.5,25,28,31,24.6,82.9,15.6,100,66.67,15.5,214.8,1008.1,55.5,8.1,5,"Mua, Co may"
6/27/2020,33,25,28.8,32.6,24.4,78.3,3.8,100,58.33,16.9,219.5,1008.1,57,9.6,6,"Mua, Co may"
6/28/2020,32,25,27.4,30.7,24.8,86.3,21.6,100,12.5,23.8,216.6,1008.4,63.5,8.7,7,"Mua, Co may"
6/29/2020,30,24.4,26,26.9,24.5,91.8,26,100,8.33,28.2,197.6,1008.8,62.6,8.6,4,"Mua, Co may"
6/30/2020,31,25,26.9,29.5,25,89.7,0.5,100,4.17,17.8,194.1,1008.4,57,7.8,6,"Mua, Co may"
7/1/2020,32,25,27.7,30.8,24.8,85.1,6.3,100,4.17,19.2,203.5,1007.5,51.5,8.1,6,"Mua, Co may"
7/2/2020,32.4,24.4,28,31.2,24.4,82.2,19.2,100,4.17,25,244.9,1007,56.7,9.8,7,"Mua, Co may"
7/3/2020,29.4,25,27.1,29.8,24.5,85.9,5.1,100,12.5,18.9,220.9,1009,58.4,9.4,6,"Mua, Co may"
7/4/2020,32.2,26,28.7,31.3,23.5,75.1,2.7,100,54.17,13,274.8,1009.3,47.8,9.6,7,"Mua, Co may"
7/5/2020,32.6,24.8,28,31.4,25,84.9,19,100,8.33,12.2,235.7,1007.2,54.9,9.2,6,"Mua, Co may"
7/6/2020,30,26,28,32.8,25.4,86,13,100,8.33,13,166.7,1007.2,50.4,9.3,7,"Mua, Co may"
7/7/2020,33,27,29.6,35.3,25.3,78.6,0.7,100,12.5,17.3,160.4,1009.2,54.1,9.7,4,"Mua, Co may"
7/8/2020,31.4,23.6,27,29.2,25,89.5,41,100,4.17,19.2,164.7,1009.3,50.8,8.1,5,"Mua, Co may"
7/9/2020,34,24.4,29.1,33.1,24.3,77.1,4.6,100,50,18.4,248.6,1007.2,45.4,8.5,5,"Mua, Co may"
7/10/2020,33.4,27,29,34.1,25,80.1,7.1,100,54.17,18.4,234.4,1008.1,50.9,10.3,5,"Mua, Co may"
7/11/2020,33.9,26,29.3,33.7,24.9,78.6,2.9,100,45.83,17.6,202.5,1007.9,58.5,9.6,5,"Mua, Co may"
7/12/2020,33.6,25.1,28.5,31.5,24.4,80.1,1.9,100,29.17,14.4,254.8,1007.5,57.1,10.3,8,"Mua, Co may"
7/13/2020,31.6,25,27.3,30.5,25.4,89.7,8.1,100,8.33,27.7,202,1007.8,58.9,9.2,7,"Mua, Co may"
7/14/2020,35.4,24.6,29.5,33.1,24.6,77.9,1.1,100,20.83,20.7,236.1,1007.4,51,9.1,5,"Mua, Co may"
7/15/2020,32.4,24,28.6,32.9,24.8,81.3,46,100,4.17,16.6,208.6,1007.3,54.2,9.4,4,"Mua, Co may"
7/16/2020,32.6,27.9,29.6,35.8,25.5,79.1,0.7,100,4.17,17,201.4,1007.2,48.2,10.1,6,"Mua, Co may"
7/17/2020,34.1,26,30,35.1,24.9,75.5,0.1,100,4.17,14,189.3,1008,50.6,9.4,5,"Mua, Co may"
7/18/2020,31.8,26,28.3,32.6,25.2,84.2,0.2,100,4.17,16.5,214.2,1008.8,47.2,8.9,6,"Mua, Co may"
7/19/2020,34,25,29.4,34.2,25.3,79.9,4.8,100,62.5,11.5,196.8,1007.7,49.1,8.2,7,"Mua, Co may"
7/20/2020,32.3,24.8,28.1,31.8,25.6,87.2,1.2,100,8.33,17.2,188.9,1007.9,63.3,8.8,5,"Mua, Co may"
7/21/2020,31.6,25,28.1,31.8,25,84.1,2.6,100,58.33,10.8,162.4,1008.5,51.8,8.8,4,"Mua, Co may"
7/22/2020,34,25.6,29.8,34.3,24.8,76.3,1.3,100,33.33,13,152.7,1008.3,51,9.8,8,"Mua, Co may"
7/23/2020,33.2,23.4,28.3,32.1,24.8,82.2,0.9,100,4.17,18.4,207.5,1008.5,61.6,9.5,7,"Mua, Co may"
7/24/2020,33,24.4,26.9,28.8,24.6,88.5,20.6,100,8.33,14.4,175.4,1008.8,59.2,9.1,7,"Mua, Co may"
7/25/2020,33,25,28.6,32.6,24.9,81.6,0.1,100,4.17,14.4,163.6,1008.4,55.6,8,7,"Mua, Co may"
7/26/2020,32.6,26,29,32.8,25,80.5,2.6,100,58.33,12.6,223.8,1008.1,47.6,9.5,6,"Mua, Co may"
7/27/2020,34.3,25.8,29.8,34.7,24.8,76.1,8.7,100,66.67,16.2,206.4,1007.3,50.8,9.9,7,"Mua, Co may"
7/28/2020,32.6,25.6,28.8,33.4,25.3,82.3,4.1,100,50,18.9,194.7,1007.8,50,9.6,5,"Mua, Co may"
7/29/2020,34,24,28.6,32.8,24.6,80.2,14.9,100,8.33,23.9,241,1007.5,59,9.5,5,"Mua, Co may"
7/30/2020,33,25,29,33.5,24.9,79.7,4,100,4.17,22.3,293.7,1006.3,47.8,9.8,5,"Mua, Co may"
7/31/2020,32.9,24.4,28.5,33,25.4,84.3,25.1,100,66.67,27,263.4,1005.1,60.6,9.5,4,"Mua, Co may"
8/1/2020,31,26,27.2,29.6,25,88,24.1,100,8.33,37.5,242.3,1005.1,76.9,9.7,3,"Mua, Co may"
8/2/2020,29,24.9,25.7,26.2,24.5,93.3,32.8,100,12.5,24.5,230.4,1005.7,72.8,8.7,6,"Mua, Co may"
8/3/2020,28,24,26.3,28.3,24.9,92,19,100,8.33,24.5,235.6,1006.3,60.5,9.4,4,"Mua, Co may"
8/4/2020,32.5,26,28.2,31.4,24.7,82.5,0.1,100,4.17,25.5,247.3,1005.9,54.5,10,4,"Mua, Co may"
8/5/2020,32.6,23,27.2,30,24.8,87.4,43.4,100,8.33,21.8,268.1,1007,56,8.7,4,"Mua, Co may"
8/6/2020,31,23.1,26.5,29.1,24.5,90,88.5,100,12.5,20.7,270.1,1007.6,67.5,8.7,5,"Mua, Co may"
8/7/2020,32,24,27.2,30.2,24.2,84.8,21,100,4.17,14.8,290.3,1007,63,9.6,8,"Mua, Co may"
8/8/2020,31,25.2,27.1,29.4,25.4,90.7,3,100,4.17,19.2,264.2,1007.3,59.9,8.5,6,"Mua, Co may"
8/9/2020,32.4,25,26.9,28.5,24.8,89,10.3,100,8.33,17,236.2,1007.5,49,9.2,7,"Mua, Co may"
8/10/2020,31,24,27.1,30,24.8,87.8,16,100,8.33,25.8,235.7,1008.7,52.7,9.9,5,"Mua, Co may"
8/11/2020,33.3,26.9,29.7,35.1,24.9,76.6,2.2,100,45.83,26.1,250.6,1008.3,51.2,10.3,7,"Mua, Co may"
8/12/2020,31.3,26,28,32.8,25.8,88.3,26.3,100,4.17,17.3,218.7,1009.2,60,9,5,"Mua, Co may"
8/13/2020,31,25.4,27.1,29.3,25.3,90.7,6,100,54.17,21.3,199,1009.5,55.6,9.6,4,"Mua, Co may"
8/14/2020,32.4,24.9,27.7,30.4,24.6,84.9,4,100,37.5,14.1,207.4,1009.3,56.2,8.9,4,"Mua, Co may"
8/15/2020,32,24,27.4,30.6,24.4,84.4,40,100,4.17,15.5,259.4,1008.7,49.6,9.4,7,"Mua, Co may"
8/16/2020,34,25,28.7,32.1,24.4,79.2,0.3,100,4.17,17.3,279.4,1008.2,50.3,9.3,5,"Mua, Co may"
8/17/2020,33,25,28.8,32.7,24.5,78.7,0.5,100,4.17,17.3,230.2,1007.6,47.3,9.9,4,"Mua, Co may"
8/18/2020,33.9,26,29.2,33,24.4,76.8,0.8,100,29.17,16.6,277.7,1007.1,59.2,9.9,4,"Mua, Co may"
8/19/2020,32.1,25,27.7,31,25,86,32.4,100,8.33,17.6,258.9,1007.6,65.7,9.3,8,"Mua, Co may"
8/20/2020,33,25,28.3,31.9,24.4,80.5,9,100,4.17,14.8,225.2,1007.8,57.5,9.3,7,"Mua, Co may"
8/21/2020,34,26.4,29.7,34.8,24.8,75.6,0.1,100,4.17,16,253.9,1008.7,49.2,9.9,6,"Mua, Co may"
8/22/2020,34,27,29.6,34.9,24.9,77.4,22.4,100,4.17,18.4,229.5,1009.3,52.1,9.9,7,"Mua, Co may"
8/23/2020,34,27.4,29.7,35,24.7,76.1,1.3,100,37.5,17.2,228.1,1009.9,47.8,10.1,7,"Mua, Co may"
8/24/2020,33.6,26,29,33.4,25,80.7,6,100,4.17,13,245,1009.7,55.7,9.2,7,"Mua, Co may"
8/25/2020,35,26.1,30.2,35.6,25.3,76.9,3.1,100,8.33,16.9,236.4,1008.7,50.8,9.5,8,"Mua, Co may"
8/26/2020,35,27,30.5,37.2,25.7,77.1,0.2,100,4.17,20,251.3,1007.8,54.2,10.3,8,"Mua, Co may"
8/27/2020,34,27,30.5,36.6,25.1,74.3,0,0,0,22,253.8,1006.8,46,10.4,6,Co may
8/28/2020,34.6,27,30.2,36,25,75.5,0,0,0,23.1,248.7,1006,49.7,10.7,5,Co may
8/29/2020,34,27,29.9,36.2,25.5,79,0.3,100,12.5,19.6,239.5,1006.4,51.6,10.1,5,"Mua, Co may"
8/30/2020,34.1,26.9,29,34.3,25.1,80.4,1.1,100,45.83,17.1,227.6,1006.8,52.2,10.3,8,"Mua, Co may"
8/31/2020,34.8,26,28.7,32.6,24.6,79.8,0.4,100,4.17,22.9,222.9,1007.2,50.3,10,5,"Mua, Co may"
9/1/2020,31.9,25,27.5,30.6,25.4,89,12.3,100,4.17,24.9,167.3,1007.7,55.5,8.3,6,"Mua, Co may"
9/2/2020,34,25,28.6,32.3,25.2,83.9,1.3,100,4.17,19.6,228.6,1008.2,65.2,9,5,"Mua, Co may"
9/3/2020,33.1,25.4,29.4,33.9,25.1,79.2,35,100,4.17,13,253.8,1008.3,60.6,9.9,7,"Mua, Co may"
9/4/2020,34,25,29.1,34.2,25.3,81.2,10,100,4.17,20.3,204.7,1008.4,56.5,9.5,7,"Mua, Co may"
9/5/2020,32.6,25.4,28.5,33.1,25.4,83.9,0.2,100,8.33,22.2,223.6,1007.9,55.2,9.1,7,"Mua, Co may"
9/6/2020,34.2,24.6,28.4,31.9,25.3,85,1.2,100,29.17,14.7,241.8,1007.8,60,8.8,6,"Mua, Co may"
9/7/2020,34,24.1,28.6,32.6,24.7,81.4,0.7,100,29.17,19.3,241.7,1008.2,43.2,9.9,5,"Mua, Co may"
9/8/2020,33,26,29.4,34.7,25.7,81.5,1.8,100,66.67,14.7,249.9,1009.2,42.7,10,6,"Mua, Co may"
9/9/2020,33.4,27,28.7,34.4,25.7,84.7,4.7,100,54.17,18.2,251,1008.8,51.9,9.1,5,"Mua, Co may"
9/10/2020,33.6,24.8,28.3,31.7,25.3,85.2,0,0,0,21,224.2,1007.2,56.9,8.9,8,Co may
9/11/2020,32.6,25,28.1,31.8,25.4,86.5,1.1,100,20.83,13.6,235.8,1008.5,59.7,8.1,6,"Mua, Co may"
9/12/2020,34,25.6,28.5,32.1,25.3,84,0.1,100,4.17,20.2,252,1009.7,58.2,8.8,6,"Mua, Co may"
9/13/2020,32,25,26.7,28.7,25.1,91.3,7.1,100,8.33,22.2,219.2,1009.7,64.6,8.3,4,"Mua, Co may"
9/14/2020,29.6,24.4,26.3,28.3,25.2,93.7,1.5,100,8.33,18.4,246.8,1009.2,59.1,7,5,"Mua, Co may"
9/15/2020,31,24.4,27.4,30.2,24.5,84.9,2.5,100,66.67,17.3,256.1,1009.1,59.3,9.2,7,"Mua, Co may"
9/16/2020,32.6,25,28.6,32.2,24.7,81.2,0.1,100,4.17,17.8,269,1007.9,55.3,9.7,7,"Mua, Co may"
9/17/2020,33,25,28,30.9,24.8,84.2,0.1,100,4.17,19.2,268.8,1005.4,56.9,9.2,3,"Mua, Co may"
9/18/2020,30.4,25,27.1,29.9,25.6,91.5,2.1,100,8.33,29.3,234.3,1004,77,9.6,4,"Mua, Co may"
9/19/2020,30,23,25.3,26.6,24.5,95.4,51.6,100,12.5,18.4,178.1,1008.2,68.1,8.4,3,"Mua, Co may"
9/20/2020,32,24,26.9,29.4,24.7,89.1,2.1,100,8.33,26.3,210.2,1010.2,64.7,9.5,5,"Mua, Co may"
9/21/2020,33.1,24.4,27.9,31.3,25.6,88.6,0.5,100,4.17,20.4,234.3,1009,61,8,7,"Mua, Co may"
9/22/2020,33.5,25,28.3,31.8,25.4,86,7.2,100,66.67,23.7,182.2,1008.6,57,8.5,7,"Mua, Co may"
9/23/2020,32,24,27,29,24.6,87.9,77,100,4.17,14.8,200.7,1009.4,56.8,9,6,"Mua, Co may"
9/24/2020,33.4,25,27.6,30.2,25.1,87.8,0.1,100,4.17,18.4,205.4,1010.6,52.3,8.7,8,"Mua, Co may"
9/25/2020,32.6,24,28.1,31.4,25.4,86.7,0.1,100,4.17,26.5,210.7,1009.3,48.8,9.1,4,"Mua, Co may"
9/26/2020,31,24.2,27.3,30.9,25.3,89,0.1,100,4.17,23.4,264.6,1008.2,58.6,9.5,5,"Mua, Co may"
9/27/2020,31,24.9,26.6,29,25.4,93.3,14.2,100,12.5,16,240,1006.8,66.6,8.6,5,"Mua, Co may"
9/28/2020,30.6,25,27.2,30.5,25,88.1,4.4,100,8.33,16.7,201,1007.8,64.5,10,3,"Mua, Co may"
9/29/2020,30.4,25,27.1,29.6,25.2,89.4,0.2,100,8.33,17.3,266.9,1008.9,53.4,9.6,4,"Mua, Co may"
9/30/2020,32.4,25,28.1,32.3,25.4,86,0.1,100,4.17,16.9,270.1,1007.1,52.3,9.2,6,"Mua, Co may"
10/1/2020,33,25.4,28.6,33.1,25.5,84,3.9,100,66.67,14.7,290.7,1006.3,52.4,9.6,5,"Mua, Co may"
10/2/2020,32.3,26,27.8,32.2,26.4,92.9,2.9,100,8.33,15.8,230.5,1006.8,61.6,7.1,4,"Mua, Co may"
10/3/2020,32.6,25.1,28.1,32,25.6,87.6,2,100,4.17,21.6,251.1,1008.6,56.1,8.7,6,"Mua, Co may"
10/4/2020,32.6,25,28.3,32.1,25.3,84.7,5.5,100,66.67,23.4,250.8,1009,60.7,9.6,5,"Mua, Co may"
10/5/2020,31,24.9,26.4,28.4,25.1,93.1,8.5,100,8.33,20.6,264.1,1008.2,59.8,9.1,5,"Mua, Co may"
10/6/2020,30,25,27.4,31.4,25.7,91,6,100,4.17,14.8,289.2,1007.4,61.8,8.9,5,"Mua, Co may"
10/7/2020,27.6,25,26.1,27.1,25.8,98.2,62,100,8.33,15.1,274.3,1006,62.5,7.8,6,"Mua, Co may"
10/8/2020,31.5,25,27.3,29.8,25.2,89.1,7.6,100,66.67,19.6,195.8,1005.7,80.4,9.6,4,"Mua, Co may"
10/9/2020,29,25.6,26.4,27.5,25.9,97.4,7.8,100,12.5,10.8,184.2,1007,79.6,7.9,4,"Mua, Co may"
10/10/2020,30.4,25,26.7,29.2,25.7,94.6,25.4,100,12.5,23.9,244.4,1006.7,83.6,7.4,4,"Mua, Co may"
10/11/2020,28.4,25,26.4,28.1,25.9,96.7,14.8,100,12.5,22.8,257.1,1005.5,87.1,7.8,5,"Mua, Co may"
10/12/2020,31,25,27,29.3,25,90,7.1,100,8.33,19.2,282.5,1004.3,80.3,8.6,5,"Mua, Co may"
10/13/2020,30,25,26.7,28.5,25,91,0.2,100,8.33,20,266.3,1005.1,83.2,8.8,4,"Mua, Co may"
10/14/2020,27,25,25.8,26.1,25.4,98,27.1,100,12.5,13.3,227.3,1006.1,77.3,8.1,5,"Mua, Co may"
10/15/2020,30.6,25,26.5,28.5,25.5,94.4,4.4,100,8.33,19.6,262.6,1006.1,77.1,8.2,7,"Mua, Co may"
10/16/2020,28,25,25.7,26.5,25.2,96.8,8.7,100,8.33,26.6,245.5,1005.9,97,8.8,3,"Mua, Am u"
10/17/2020,30,24.9,26.1,27.2,24.9,93.4,8.1,100,12.5,25.9,229.1,1006.5,94.7,8.3,4,"Mua, Am u"
10/18/2020,29,23.4,26.3,28.2,25,92.7,24.1,100,12.5,16.6,217.7,1008.4,97.8,9.4,4,"Mua, Am u"
10/19/2020,31,25,28,31.5,25.2,85.6,0.2,100,4.17,17.6,259,1008.4,80.1,9.7,5,"Mua, Co may"
10/20/2020,32,25,28.2,31.9,24.9,83.2,11,100,4.17,10.2,281.3,1008.3,69.3,9.7,5,"Mua, Co may"
10/21/2020,31,26,27.9,32,25.5,86.9,0.9,100,8.33,14.8,219.7,1007.8,79,9.9,4,"Mua, Co may"
10/22/2020,33.4,25.4,29,32.2,24.1,76.7,2.8,100,58.33,9.7,258.4,1007.5,64.4,9.1,3,"Mua, Co may"
10/23/2020,31.6,25.9,28.2,30.7,23.3,75.9,25,100,4.17,11.5,262.3,1008.7,71.5,9.4,6,"Mua, Co may"
10/24/2020,32.6,26,28.1,30.3,23.1,75.3,0.5,100,12.5,14.8,228.1,1009.7,66.8,9.4,5,"Mua, Co may"
10/25/2020,31,25,27.7,30.4,24,80.8,4.4,100,50,12.2,248.3,1009.8,67.5,9.9,4,"Mua, Co may"
10/26/2020,32.1,25,28,30.1,22.7,74.2,6,100,54.17,16,281,1008.9,50.6,9.3,7,"Mua, Co may"
10/27/2020,30.6,25,27.5,29.5,22.7,75.4,1.5,100,37.5,22.7,316.1,1007.1,73.8,9.8,7,"Mua, Co may"
10/28/2020,29,26,27.1,28.5,22.5,76.2,4.6,100,54.17,21.6,282.1,1006.1,99.6,9.7,6,"Mua, Am u"
10/29/2020,32.6,25,27.3,29.2,23.7,81.4,0.5,100,4.17,25.2,215.2,1008.9,87.4,9.5,2,"Mua, Co may"
10/30/2020,33.4,24.4,28.3,31.5,23.8,78.4,0.6,100,8.33,14.8,215.9,1010.5,61.1,9.4,8,"Mua, Co may"
10/31/2020,32.6,23.4,27.6,30.5,24.9,86.2,0.9,100,8.33,19.3,259.5,1010.1,70.6,8,9,"Mua, Co may"
11/1/2020,32.4,25,28.2,32,25,84.2,0.1,100,4.17,13,260.8,1009.8,73.7,9.2,7,"Mua, Co may"
11/2/2020,31.6,25,27.8,30.4,23.6,78.8,16,100,4.17,12.4,234.8,1010.3,51.7,10,9,"Mua, Co may"
11/3/2020,33,25,28.6,31.1,23.3,75.5,0,0,0,10.4,186.3,1011,47.9,8.7,9,Co may
11/4/2020,31.6,26,28,31.2,24.4,81.1,0.5,100,20.83,17.8,234,1010.8,65.2,8.4,9,"Mua, Co may"
11/5/2020,33.6,25,28.7,31.6,23.8,77.1,0,0,0,14,249,1010.3,53,8.5,8,Co may
11/6/2020,30,26,27.8,31,24.1,80.7,0.3,100,4.17,11.8,229,1010.9,67.5,8.9,7,"Mua, Co may"
11/7/2020,32.4,25,28.4,31.7,23.9,77.8,6.7,100,58.33,16.2,117.8,1011.3,53.1,10,8,"Mua, Co may"
11/8/2020,32.3,25,28.3,30.3,22.3,71.1,22,100,8.33,18.5,236.8,1010.6,65.9,9.3,9,"Mua, Co may"
11/9/2020,31,23,27,28.3,21.1,71.1,1.2,100,12.5,16.6,162.1,1009,73.8,9.2,8,"Mua, Co may"
11/10/2020,29,24.6,26.4,27,21,72.9,0.7,100,29.17,23.8,323.6,1008,82.6,10.1,8,"Mua, Co may"
11/11/2020,29.6,22,25.4,26.8,22.6,85.1,0.9,100,29.17,14.4,214.8,1010.3,78.7,9.7,6,"Mua, Co may"
11/12/2020,33.4,23.4,27.1,29.1,24,84.3,2,100,4.17,16.6,146.2,1011.1,58.9,7.9,9,"Mua, Co may"
11/13/2020,31,24,27.5,30.3,23.8,81,0,0,0,11.5,251.5,1009.6,57.6,8.7,9,Co may
11/14/2020,33,23,28,29.4,20.6,65.9,0,0,0,13,270.8,1008.9,41.1,9.7,9,Co may
11/15/2020,32.6,25,28.3,30.8,22.8,72.5,0,0,0,13.7,160.4,1010.7,51.3,9.6,9,Co may
11/16/2020,34.2,24.9,28.1,30.2,23.7,79,1.3,100,37.5,16.6,122.6,1010.5,58.8,9.4,9,"Mua, Co may"
11/17/2020,34,24.6,29,32.4,23.9,76,2.6,100,50,11.9,137.8,1009.2,56.4,8.9,8,"Mua, Co may"
11/18/2020,33,25,28.4,32.1,24.4,79.9,0.1,100,4.17,16,148.9,1008.8,51.2,9,7,"Mua, Co may"
11/19/2020,33,26,28.6,32.9,24.5,79.4,0.3,100,4.17,15.8,130.3,1008.9,52.7,9,6,"Mua, Co may"
11/20/2020,32.2,26,28.7,32.9,24.4,78,2,100,4.17,15.1,112.4,1009.3,63.3,9.7,8,"Mua, Co may"
11/21/2020,32,25,27.7,30.8,25.1,86.1,1,100,4.17,11.2,154.6,1009.5,62,7.7,7,"Mua, Co may"
11/22/2020,33.6,24,27.8,29.9,24.1,82.2,1.6,100,41.67,11.9,172.3,1010.6,54.9,9.2,6,"Mua, Co may"
11/23/2020,33.4,25,27.8,30.5,24.8,85.6,0.1,100,4.17,14,213.9,1010.5,51.3,8,7,"Mua, Co may"
11/24/2020,32.6,24,28,29.4,22.2,73.4,0,0,0,11.4,124.6,1010.4,48.9,9.3,9,Co may
11/25/2020,33,25,28.3,29.8,22.2,72.1,1.7,100,12.5,12.5,95.1,1010,61.2,9.6,8,"Mua, Co may"
11/26/2020,32.3,26,28.5,30.5,22.3,70.5,1,100,12.5,9.8,140.7,1011,70,9.4,9,"Mua, Co may"
11/27/2020,33.1,25,28.3,30.3,22.4,72.2,0,0,0,12.2,119.5,1011.1,64.6,9.1,8,Co may
11/28/2020,32.8,23.4,28.3,30.6,22.2,70.7,6.1,100,12.5,16.6,60.5,1010.6,60.8,9.7,8,"Mua, Co may"
11/29/2020,29,25,26.8,28.7,24.3,86.3,14.7,100,12.5,14.8,115.6,1010.2,82.6,9.1,4,"Mua, Co may"
11/30/2020,31.4,24.1,27.2,28.9,23.5,81.9,0.9,100,4.17,16.8,92.4,1010.1,72.6,9.4,5,"Mua, Co may"
12/1/2020,31,25,27.8,30.3,23.9,80.7,5.1,100,66.67,19.6,130.1,1010.8,70.2,9.3,5,"Mua, Co may"
12/2/2020,32.9,24,28.2,30.3,22.6,73.6,0.3,100,12.5,12.6,98.2,1010.5,56.6,9.4,8,"Mua, Co may"
12/3/2020,33,22.4,27.5,28,18.6,60.2,0,0,0,13,95.4,1010.4,40.5,10.1,9,Co may
12/4/2020,32,22,26.8,26.8,16.2,53.8,0,0,0,14,62.3,1010.4,32.5,10.2,9,Co may
12/5/2020,32,21.5,26.7,27.5,19.3,65.4,0,0,0,13.3,191.4,1011,28,9.8,8,Co may
12/6/2020,33,22.4,27.8,29,20.1,64.9,0,0,0,11.2,162,1011.1,38.3,10.3,9,Co may
12/7/2020,30.6,24,27.3,28.4,20.9,68.9,0,0,0,11.9,90.9,1011.1,60.6,10.1,7,Co may
12/8/2020,32,23,27.4,28.4,20,65.2,0,0,0,13.7,62.5,1011.1,49.5,10.1,5,Co may
12/9/2020,30.9,25,27.6,28.7,19.9,63.2,0,0,0,14.8,125.5,1009.8,68.4,10.1,8,Co may
12/10/2020,31.4,25,27,29,22.9,79.2,0.2,100,8.33,13,141.2,1009.5,75.3,8.6,8,"Mua, Co may"
12/11/2020,30.6,24,27.2,30.3,24.9,88.1,0.2,100,4.17,8.6,215.1,1010,80.7,7.3,4,"Mua, Co may"
12/12/2020,32,26,27.9,31.7,25.5,87.4,2.7,100,54.17,11.9,140.5,1009.3,63,8,4,"Mua, Co may"
12/13/2020,30,25,27.4,30.8,25,87.1,0.9,100,12.5,9.4,255.6,1009.1,67.8,7.7,4,"Mua, Co may"
12/14/2020,33.6,25,28.2,31.2,24.4,81.5,6.3,100,4.17,17.5,114.5,1009.6,62.2,9.3,6,"Mua, Co may"
12/15/2020,33,25,28,31.1,24.8,84.4,0.3,100,4.17,13.7,153.8,1010.8,54.2,8,7,"Mua, Co may"
12/16/2020,33,24,28,29.7,23,76.6,1.4,100,4.17,13,91.5,1011,52.6,9.4,7,"Mua, Co may"
12/17/2020,33,25,28.5,30.7,22.3,70.6,0.1,100,4.17,10.1,138.4,1010,55.2,9.9,8,"Mua, Co may"
12/18/2020,31.6,24,28.1,30.1,21.5,68,0.1,100,4.17,13.4,63.7,1009.9,62.6,9.9,5,"Mua, Co may"
12/19/2020,31,24.4,27.4,28.4,20.4,66.5,0,0,0,14.8,42.7,1010.5,59.9,9.9,6,Co may
12/20/2020,29.5,23,25.8,26.1,18.6,65.4,0,0,0,22.7,155.2,1010.4,62.5,10.1,7,Co may
12/21/2020,31,22,26.2,26.4,17.1,58.4,0,0,0,24.1,99.3,1009.5,62.5,10.3,8,Co may
12/22/2020,28,22.9,25.5,25.8,18.2,64.3,0.1,100,4.17,19.6,299.4,1008.9,77.3,10.1,4,"Mua, Co may"
12/23/2020,30.5,23,25.4,26.1,21.7,81.1,6.3,100,12.5,16.2,280.7,1008,88.9,8.9,2,"Mua, Co may"
12/24/2020,32.5,23.9,27.5,29.7,24,83.2,0.1,100,4.17,16.2,163.5,1008.7,62.4,7.6,5,"Mua, Co may"
12/25/2020,32,23.4,27.7,29.8,23.2,78.7,11.2,100,54.17,12.4,121.7,1010.3,56.1,9.1,7,"Mua, Co may"
12/26/2020,33.6,24,28.1,30.3,23.1,76.6,0,0,0,11.2,151.6,1010.4,56.5,9.2,8,Co may
12/27/2020,33.6,24,27.9,30,23.4,78.7,0,0,0,18.4,228,1010,51.5,8.7,8,Co may
12/28/2020,32.2,24,27.6,29.3,22.5,75.4,0,0,0,12.2,235.8,1009.2,47.7,9.7,8,Co may
12/29/2020,32.9,24.9,28.1,30,22.8,75.1,0,0,0,14.4,209.5,1009.2,62.4,9.1,8,Co may
12/30/2020,30,25,27.2,27.7,19.5,64.6,0.1,100,4.17,25.9,84.6,1009.8,77.5,9.3,5,"Mua, Co may"
12/31/2020,29,24,26.4,26.5,16.1,53.7,0,0,0,18.4,83,1010.9,67.7,10.2,7,Co may
1/1/2021,29.7,23,25.5,25.7,16.1,56.5,0.9,100,16.67,18.4,25.6,1012.1,77,10.2,7,"Mua, Co may"
1/2/2021,31,22,25.8,26.1,17.2,60,0,0,0,17.3,151,1011.3,68.5,10.3,5,Co may
1/3/2021,32,22,26.9,28.2,20.1,67.3,0,0,0,11.2,145.7,1010.7,49.1,10.1,8,Co may
1/4/2021,33,24,27.8,28.9,21.3,70.4,4.2,100,12.5,16.6,77.3,1010.4,59.1,9.9,8,"Mua, Co may"
1/5/2021,32,24,27.4,29.2,22,73.7,5,100,4.17,11.2,102.9,1010.7,70.2,9.7,6,"Mua, Co may"
1/6/2021,32,24,27.9,29.7,21.3,68.6,0,0,0,11.2,90.1,1009.7,68.9,10.3,7,Co may
1/7/2021,34,24,28.2,29.5,21.3,69.3,0.4,100,12.5,16,92,1009.1,59,10.1,9,"Mua, Co may"
1/8/2021,33,24,27.7,29.2,22.3,74.7,0.1,100,4.17,14,148.8,1009,58.7,8.4,9,"Mua, Co may"
1/9/2021,32,23,27.1,27.5,18.4,60.4,0,0,0,14.8,78.3,1010.2,40.8,9.5,9,Co may
1/10/2021,30,22,26,26.7,19,65.9,0,0,0,11.2,165.5,1010.8,40.8,10,9,Co may
1/11/2021,32,22,26.4,26.8,18.1,62.5,0,0,0,15.7,144.4,1011.3,43.9,9.7,9,Co may
1/12/2021,31,21,25.2,25.1,15,54.8,0,0,0,16.6,111.7,1011.8,34.4,10.3,9,Co may
1/13/2021,28,19,23.4,23.5,15.6,62.7,0,0,0,14.8,210.1,1012.4,42.3,10.1,9,Co may
1/14/2021,30,18,24.2,24.6,18.6,72.3,0,0,0,13,208.2,1012,39.9,8.6,9,Co may
1/15/2021,31,21,25.3,25.6,18.8,69.2,0,0,0,18.4,105.5,1010.6,39.4,8.7,8,Co may
1/16/2021,32,21,25.8,26.1,19.7,71.6,0,0,0,16.6,148.4,1010.6,29.7,8.9,8,Co may
1/17/2021,32,22,26.4,26.4,17.8,62.5,0,0,0,20.5,67.9,1012,30.6,10,9,Co may
1/18/2021,31,21,25.7,25.5,15,53.8,0,0,0,18.4,67.5,1012.5,41,10.3,9,Co may
1/19/2021,28,20,23.8,24,15.9,61.9,0,0,0,14.8,211.6,1012.1,41.7,8.6,8,Co may
1/20/2021,31.1,22,26.6,26.9,19.1,65.9,0,0,0,13,243,1011.6,34.2,7.4,7,Co may
1/21/2021,32,24,27.2,27.9,21.5,74.2,0,0,0,12.8,230.4,1010.8,44.1,8.3,7,Co may
1/22/2021,29.9,24,26.2,27.3,23,83.3,0,0,0,13,212.4,1010.5,74.5,8.3,8,Co may
1/23/2021,32,24,27,28.3,22.4,78,0,0,0,21.6,153.6,1010.7,74.6,9,4,Co may
1/24/2021,31,24,27,28.2,21.8,74.4,0,0,0,18.4,155.8,1011.4,58.9,9.5,8,Co may
1/25/2021,32,23.9,26.9,28.3,22.2,76.9,0,0,0,20.5,132.2,1010.9,50.9,8.5,8,Co may
1/26/2021,33,25,27.9,29.3,21.2,68.6,0.3,100,4.17,17.3,117.1,1010.2,48.4,8.7,9,"Mua, Co may"
1/27/2021,33,24,27.6,29.1,21.3,69.9,0,0,0,16.6,153.7,1010.2,31.6,9.2,9,Co may
1/28/2021,33,24,27.1,28.4,21.4,72.4,0,0,0,17.7,143.9,1011.6,48.2,8.9,9,Co may
1/29/2021,33,23,27,27.1,17.6,58.6,0,0,0,14.8,129.6,1012.1,35.7,9.7,9,Co may
1/30/2021,31,21,26,26.4,18.3,63.5,0,0,0,11.1,167.7,1012.4,39.6,7.8,9,Co may
1/31/2021,34,24,27.2,27.7,19.9,66.8,0,0,0,20.5,182.6,1012.6,58.5,8.3,8,Co may
2/1/2021,33,24,27.1,28,20.8,70.6,0,0,0,19.9,137.8,1012.8,38.4,8.6,8,Co may
2/2/2021,33,23,26.7,27.1,19,65.4,0,0,0,17.7,176.9,1013,31.2,9.6,9,Co may
2/3/2021,31,23,26.6,27.1,19.6,67.3,0,0,0,16.6,174,1012.6,37.1,8.9,9,Co may
2/4/2021,33,22,27.2,28,19,63.1,0,0,0,14.8,169.3,1012.9,35.7,8.8,9,Co may
2/5/2021,32,25,27.7,29,21.6,70.8,0,0,0,18.4,244.7,1012.1,53.7,8.1,9,Co may
2/6/2021,33,24,27.4,28.6,21.1,70.4,0,0,0,16.6,181.3,1011,60.6,7.9,9,Co may
2/7/2021,31,24.1,27.3,29.1,22.6,76.6,0.5,100,20.83,18.4,216.5,1011.1,61.8,7.5,9,"Mua, Co may"
2/8/2021,32,24,26.3,27.4,23.1,83.7,40.1,100,4.17,16.6,144.6,1010.8,69.3,7.7,7,"Mua, Co may"
2/9/2021,33,24.9,28,29.4,21.9,72,0,0,0,16.6,183,1010.3,55.2,9.5,9,Co may
2/10/2021,31,25,27.8,29.7,22.6,74.4,0.7,100,20.83,14.8,162.4,1010.1,57.5,9.8,9,"Mua, Co may"
2/11/2021,29,25,26.3,27.4,23,82.8,4.4,100,75,13,183,1011.7,62.7,8.5,8,"Mua, Co may"
2/12/2021,31,24,26.4,27.1,21.3,74.8,0,0,0,20.5,184.2,,55.7,9.9,9,Co may
2/13/2021,31,23,26,26.5,20.4,73.5,0,0,0,20.5,132.3,1013.5,53.2,9.7,9,Co may
2/14/2021,30,23,25.3,25.9,20.4,75.3,0,0,0,20.5,149.9,1013.6,55.3,10,9,Co may
2/15/2021,30,21,24.9,25.4,20.3,76.8,0,0,0,18.4,141.8,1012.3,56.2,9.7,9,Co may
2/16/2021,31,22,25.5,25.9,19.9,73.2,0,0,0,24.1,151.8,1011.7,40.3,10.1,9,Co may
2/17/2021,32,22,26.4,26.5,18.4,64.3,0,0,0,16.6,141.3,1012.7,25.6,10.3,10,Co may
2/18/2021,31.1,21,26.2,26.4,17.8,62.5,0,0,0,12.1,200.1,1014.1,37,10.1,10,Co may
2/19/2021,33,21,26.7,26.8,16.1,53.8,0,0,0,18.4,138.3,1014.1,26.8,10.2,10,Co may
2/20/2021,33,22,26.8,26.6,15.9,54.7,0,0,0,16.6,98.7,1013.8,27,10.1,10,Co may
2/21/2021,33,21.8,26.2,26.2,17.6,62.9,0,0,0,18.4,149.3,1013,36.8,10.3,10,Co may
2/22/2021,31,22.9,25.9,26.2,19.1,68,0,0,0,20.5,168.4,1012.2,40.7,10.1,10,Co may
2/23/2021,32,22,26.1,26.5,19.8,70.8,0,0,0,22.3,162,1011.2,34.4,9.8,9,Co may
2/24/2021,32,23.9,26.6,27.5,21.1,73,0,0,0,20.5,176.3,1010.3,47.8,10.3,9,Co may
2/25/2021,32,23,27.1,28.4,21.6,72.9,0,0,0,14.8,218,1008.8,37.5,10.3,10,Co may
2/26/2021,33,25,27.7,29.6,22.9,76.5,0,0,0,16.6,174.1,1007.7,38.8,9.4,9,Co may
2/27/2021,33,26,28.1,30.4,23,74.5,0,0,0,16.6,157.3,1008.3,43.6,9.7,9,Co may
2/28/2021,34,25,28.5,30.3,22,69.7,0.2,100,4.17,22.3,134,1009.9,37.5,10.1,10,"Mua, Co may"
3/1/2021,34,25,28.8,31.1,22.4,70.1,0,0,0,20.5,140.4,1011.6,25.5,10.3,10,Co may
3/2/2021,34,25,28.6,30.9,22.6,71.6,0,0,0,20.5,135.6,1011.5,30.7,10.3,9,Co may
3/3/2021,34,25,28.9,30.5,21.6,67.1,0,0,0,18.4,119.5,1011.1,47.1,10.3,10,Co may
3/4/2021,36,25,29.3,30.5,20.3,60.8,0,0,0,22.3,122.9,1011.6,32.5,10.3,10,Co may
3/5/2021,35.7,24,28.7,29.1,19,59.5,0,0,0,22.5,132.6,1011.4,22.2,10.3,10,Co may
3/6/2021,35,23,28.8,29.8,19.8,61,0,0,0,18.4,141.6,1011.9,20.6,10.1,10,Co may
3/7/2021,35,25,28.8,30.7,21.4,65.8,0,0,0,20.5,140.9,1011.1,27,10.2,10,Co may
3/8/2021,35,25,29.2,30.4,19.6,58.6,0,0,0,17.6,107.6,1011.7,36,10,10,Co may
3/9/2021,35,25,29.1,30.2,20.3,61.6,0,0,0,22.3,104.4,1011.5,51.3,10.1,9,Co may
3/10/2021,34.9,25,29.2,30.4,20.1,60.5,0,0,0,20.5,121.3,1011,40.1,10.1,10,Co may
3/11/2021,35,25,29.5,30.9,20.3,60.1,0,0,0,27.7,112,1011,34.2,10.1,9,Co may
3/12/2021,35,26,29.9,30.9,18.7,53.1,0,0,0,18.4,116.6,1011.4,41.7,10.3,10,Co may
3/13/2021,35,26,29.5,30.6,19.2,55.8,0.4,100,4.17,21.2,139.7,1011,40.9,10,10,"Mua, Co may"
3/14/2021,35,24.1,28.3,29.2,20.7,66.4,0,0,0,23.5,198.9,1009.6,30.2,9.9,10,Co may
3/15/2021,34,24.9,28.2,29.6,21.1,66.8,0,0,0,18.4,129.5,1009.3,29.5,9.7,10,Co may
3/16/2021,32,25,27.9,29.7,22.3,72.9,0,0,0,21.2,149.9,1009.1,48.7,10.2,9,Co may
3/17/2021,33,25,28,29.5,21.6,69.6,0,0,0,18.4,146,1009.1,47.8,10.1,10,Co may
3/18/2021,32,25.9,28.4,30.7,22.6,71.9,0,0,0,20.5,150.1,1008.6,44.7,10.3,10,Co may
3/19/2021,34,25.9,29.3,32.5,23.3,72,0,0,0,18.4,146.5,1007.8,40.5,10.3,10,Co may
3/20/2021,33,27,29.2,33.5,24,74.8,0,0,0,16.6,148,1006.9,59.9,10.1,8,Co may
3/21/2021,35,27,29.5,33.4,23.3,70.8,0,0,0,25.9,133.8,1007.4,50,10,8,Co may
3/22/2021,36,26,30.2,32.6,21.8,64.1,0.1,100,4.17,18.4,116.3,1009.5,41.6,9.7,10,"Mua, Co may"
3/23/2021,35,26,30,32,20.7,59.3,0,0,0,18.4,98.8,1009.4,38.4,10,10,Co may
3/24/2021,35,27,30.3,32.8,21.2,60.1,0,0,0,27.7,113.7,1008.4,52.4,10.1,10,Co may
3/25/2021,36,27,30.4,33.3,21.6,61.1,0.2,100,8.33,18.4,113,1008.5,56.8,10.1,10,"Mua, Co may"
3/26/2021,37.6,26,30.5,33.2,21.5,60.6,0,0,0,27,119,1008.3,34,10.7,10,Co may
3/27/2021,35.7,26.9,30.2,33.3,22.2,64.5,0,0,0,20.5,128.1,1008.1,34.7,10.3,9,Co may
3/28/2021,36,26,29.7,32.4,22.3,66.9,0,0,0,20.5,143.1,1007.9,47.3,10.3,10,Co may
3/29/2021,35,26.9,29.7,33.1,22.9,69,0,0,0,16,150.3,1007.2,56.8,10.3,9,Co may
3/30/2021,36,26.9,29.7,34,23.8,72.5,0,0,0,16.6,182.8,1006.2,58.6,10.2,10,Co may
3/31/2021,35,27,30.3,35.4,24.3,72.5,0,0,0,18.4,178.7,1005.4,57.9,10.1,10,Co may
4/1/2021,35,27,30.5,34.7,23.3,68.1,0,0,0,18.4,192.5,1006,51.6,10.1,9,Co may
4/2/2021,37,28,31.1,36.3,23.9,68.8,1,100,12.5,18.4,205.8,1006.6,65.4,10,10,"Mua, Co may"
4/3/2021,34,24,28.9,32.4,24.1,77.7,3,100,4.17,25.9,143.3,1007.3,59.9,9.4,9,"Mua, Co may"
4/4/2021,34,27,29.2,33.7,23.9,74.1,0.7,100,29.17,18.4,149.4,1008,44.4,10.1,6,"Mua, Co may"
4/5/2021,34,26,29.4,32.4,22.9,69.8,0.1,100,4.17,16.6,116.3,1009.4,54.7,9.7,9,"Mua, Co may"
4/6/2021,35,26,30.4,32.4,20.7,58.4,0,0,0,18.4,120.7,1009.9,47.1,10.7,9,Co may
4/7/2021,36,26,30.2,32.9,21.6,62.7,0,0,0,17.7,115.4,1010.2,43.9,10.2,10,Co may
4/8/2021,33,27,28.7,32.9,23.9,75.5,0.7,100,12.5,20.5,127.4,1009.4,51.2,9,8,"Mua, Co may"
4/9/2021,31,26.2,28.5,32.7,24.4,79.3,13,100,4.17,18.4,155.4,1009.4,66.7,8.4,8,"Mua, Co may"
4/10/2021,34,26,29.1,33.1,24.1,75.9,0.4,100,4.17,16.6,131.6,1010.6,59.2,8.7,10,"Mua, Co may"
4/11/2021,35,26.9,29.8,33.5,22.8,67.5,0,0,0,18.4,126.9,1011.5,49.5,9.6,10,Co may
4/12/2021,35,26,29.3,32.6,23.1,70.4,0.1,100,4.17,22.3,126.8,1011.6,52.4,10.1,7,"Mua, Co may"
4/13/2021,34,27,29.8,34.8,24.3,73.6,1.7,100,41.67,18.4,141.3,1010.9,53.6,10.3,6,"Mua, Co may"
4/14/2021,35,27.9,30.2,34.9,23.8,70.4,2.7,100,62.5,16.6,165.6,1010.3,55.3,10.1,9,"Mua, Co may"
4/15/2021,35,23.9,28.9,32.8,24.4,78.6,109,100,8.33,13,220.7,1009.5,64.6,8.8,3,"Mua, Co may"
4/16/2021,34,22,28.4,31.9,23.4,76.5,25,100,4.17,50,183.7,1009.8,68.1,10,9,"Mua, Co may"
4/17/2021,33,25,28.4,31.6,24.2,79.8,3.4,100,12.5,20,167.3,1010.9,61.9,9.4,9,"Mua, Co may"
4/18/2021,32,25,28.4,32.2,24.6,80.9,0.9,100,4.17,17.7,185.6,1010.8,58.5,9.4,7,"Mua, Co may"
4/19/2021,33,26,28.5,32.5,24.1,77.9,9,100,66.67,25,209.8,1009.6,55.3,10.3,7,"Mua, Co may"
4/20/2021,34,26,29.7,34.6,24.6,75.2,2,100,50,14.8,207.4,1009,52.4,10.7,8,"Mua, Co may"
4/21/2021,33,27,29.6,35.9,25.6,79.8,0.9,100,37.5,16.6,224.2,1008.8,61.2,10.3,4,"Mua, Co may"
4/22/2021,32,24,27.9,31.9,24.9,84.1,2,100,4.17,18.3,207.9,1008.9,76.3,9.4,6,"Mua, Co may"
4/23/2021,33,25,27.8,31.1,24.8,84.7,76,100,4.17,16.6,241.3,1008,64.8,9,3,"Mua, Co may"
4/24/2021,34,26,29,32.9,24.7,79.5,0.2,100,4.17,19.9,209.4,1008.2,61,9.9,6,"Mua, Co may"
4/25/2021,34,26,29.5,33.7,24.2,74.7,2.9,100,54.17,22.3,223.5,1009,54.4,10.3,6,"Mua, Co may"
4/26/2021,35,26.9,30.2,35.8,24.7,74.1,5.6,100,33.33,18.4,199.4,1008.5,57.7,10.3,6,"Mua, Co may"
4/27/2021,34,26.9,30,35.8,25,75.9,11.6,100,54.17,14.8,172.1,1009.9,64.5,9.8,6,"Mua, Co may"
4/28/2021,34,27,30.1,35.2,24.3,72.9,2.6,100,41.67,16.6,134.4,1010.9,55.6,9.7,9,"Mua, Co may"
4/29/2021,35,27.9,30.1,34.5,23.6,69.5,0,0,0,16.6,123.2,1010.2,59.8,10.3,9,Co may
4/30/2021,34.8,28,30.5,35.2,23.7,68.7,0.7,100,12.5,27.8,121.1,1010,45.4,10.3,8,"Mua, Co may"
5/1/2021,34,27.9,30.6,36.3,24.7,72.3,1.6,100,45.83,25.8,125.4,1010.1,49.9,10.3,4,"Mua, Co may"
5/2/2021,36,28,30.9,36.3,24.2,69,0.4,100,16.67,17.6,131.8,1009.6,51.7,10.3,9,"Mua, Co may"
5/3/2021,35,28,31,36,23.7,67.2,0,0,0,22.3,129.3,1007.9,52,10.3,9,Co may
5/4/2021,36,27,31.1,35.2,22.9,64.2,0,0,0,18.4,109.3,1007.2,51.9,10.2,8,Co may
5/5/2021,37,28,31.7,35.8,22.5,60.5,2,100,4.17,22.9,118.3,1007.4,46.4,10.2,5,"Mua, Co may"
5/6/2021,36,26,30.3,34.9,23.9,70.1,9.8,100,66.67,22.3,116.8,1009.2,53.8,10.1,4,"Mua, Co may"
5/7/2021,34,25,29.3,32.9,23.9,74.6,1.7,100,50,17.3,198.5,1010,53,9.9,5,"Mua, Co may"
5/8/2021,34,27,29.4,35.1,25.2,78.9,7,100,4.17,18.4,175.8,1008.7,59.4,8.6,6,"Mua, Co may"
5/9/2021,36,27.9,30.7,36.7,24.9,72.8,16.2,100,62.5,18.4,143.3,1008,54.9,10.3,5,"Mua, Co may"
5/10/2021,34,26.7,30.7,36.6,24.8,72.2,0,0,0,18.4,148.1,1007.8,56.8,10.3,8,Co may
5/11/2021,34.9,28,31,37.4,25,71.5,0.5,100,20.83,16.6,152.1,1007.4,54.3,10.3,8,"Mua, Co may"
5/12/2021,35,28,30.8,37.5,25.3,73.8,1.1,100,29.17,14.1,153.8,1006.8,61.5,10.1,7,"Mua, Co may"
5/13/2021,36,28.9,31.4,38.2,25.1,70.7,0,0,0,16,130,1006,53.5,10.3,8,Co may
5/14/2021,34,29,30.8,38.2,25.7,75.1,0.6,100,20.83,16.6,136.8,1006.5,47,10.3,6,"Mua, Co may"
5/15/2021,34,26.9,29.2,35.4,25.9,83.5,26,100,4.17,16.6,134.6,1007.3,65.5,10.1,4,"Mua, Co may"
5/16/2021,35.8,26,30.3,36,25.6,77.8,4.2,100,41.67,16.6,141.9,1007,58.8,9.2,8,"Mua, Co may"
5/17/2021,34,26.1,29.7,37.3,26.6,84.2,8.1,100,8.33,16.6,148.8,1007.7,69.4,10.1,5,"Mua, Co may"
5/18/2021,34,26,29.5,35,25.7,81.3,15,100,4.17,16.6,186,1008.3,60.3,9.8,6,"Mua, Co may"
5/19/2021,35,26.9,29.3,35.3,25.7,82.4,2.9,100,54.17,18.4,178.2,1007.6,66.9,8.9,4,"Mua, Co may"
5/20/2021,35,26,30.4,34.4,24.4,73.5,0.1,100,4.17,16.6,219.6,1007.6,54,9.3,6,"Mua, Co may"
5/21/2021,34,25,28.6,33.8,25.8,85.8,47,100,4.17,27.7,215.4,1007.7,57.5,9,4,"Mua, Co may"
5/22/2021,33,25,27.9,31.7,25.6,88.2,27.8,100,8.33,27.8,239.6,1007,71.6,8.9,5,"Mua, Co may"
5/23/2021,32,25,27.3,30.6,25.7,91.5,22,100,8.33,18.4,269.8,1006.6,76.2,8.8,4,"Mua, Co may"
5/24/2021,30,25,26.9,29.5,25.4,91.6,24.1,100,12.5,16.6,270.2,1007.3,81,9.2,3,"Mua, Co may"
5/25/2021,27.9,23,25,25.4,24.6,97.4,90.5,100,12.5,18.4,265.7,1008.2,82,7,5,"Mua, Co may"
5/26/2021,30,24,27,29.8,24.9,89,0.1,100,4.17,17,242,1007.8,71.6,9.3,4,"Mua, Co may"
5/27/2021,31,25.1,27.2,30.4,25.9,93.1,3,100,4.17,22.3,204.9,1008.2,73.2,8,6,"Mua, Co may"
5/28/2021,33,25.9,29,33.9,25.6,83,0.2,100,4.17,11.2,215.5,1009.5,53.8,10,6,"Mua, Co may"
5/29/2021,34,26,29.2,34.5,25.6,82.6,0,0,0,16.6,227,1009.4,56.7,10,6,Co may
5/30/2021,35,26,30.4,36.6,25.4,76.7,0.8,100,33.33,11.5,244.7,1007.7,52.5,10.2,7,"Mua, Co may"
5/31/2021,34,27,30.7,38.5,26.3,78.6,0,0,0,18.4,266,1006.4,52.7,10.3,7,Co may
6/1/2021,34,28,29.9,37.6,26.5,82.8,9,100,4.17,14.8,245.4,1006.8,58.6,10.1,6,"Mua, Co may"
6/2/2021,34,24,28.7,35,26.3,87.7,4,100,4.17,27.7,235.6,1007.3,66.3,9,6,"Mua, Co may"
6/3/2021,35,26,30.4,37.1,25.9,78.7,0.1,100,4.17,13,216.3,1007.9,56.7,9.7,7,"Mua, Co may"
6/4/2021,35,27,31,38.2,25.9,76.3,0.1,100,4.17,14.8,251.2,1007.7,48.2,9.9,6,"Mua, Co may"
6/5/2021,35,27,30.1,36.8,25.7,78.9,6.4,100,8.33,19.3,245.5,1007.9,57.7,10,5,"Mua, Co may"
6/6/2021,32.9,26.9,28.5,34.2,25.8,85.7,4.9,100,66.67,35.3,250.1,1007.9,59.4,10,5,"Mua, Co may"
6/7/2021,32.7,24.6,28.1,32.4,25.6,86.9,2.1,100,4.17,34.4,237.2,1008.4,74.6,10,5,"Mua, Co may"
6/8/2021,29,24,26.5,28.4,24.8,90.5,12,100,8.33,20.6,239.1,1009.5,77,9.5,4,"Mua, Co may"
6/9/2021,32,25,27.9,31.8,25.1,85.6,12,100,66.67,29.5,212.7,1008.2,76.1,9.1,5,"Mua, Co may"
6/10/2021,32,25.9,27.8,31.2,25,85.4,0.1,100,4.17,26.8,262.5,1007,69.7,9.6,5,"Mua, Co may"
6/11/2021,32.1,25,28.1,31.1,24.8,83.6,0.2,100,8.33,24.1,274,1005.8,71.1,9.5,5,"Mua, Co may"
6/12/2021,32,25,27.9,30.7,24,80.6,1.1,100,8.33,31.7,260.4,1007.5,76.3,10,5,"Mua, Co may"
6/13/2021,32,26,28.8,33.4,24.8,79.7,15.3,100,54.17,24.5,247.6,1008.3,59.6,10.2,8,"Mua, Co may"
6/14/2021,34,26.9,29.2,34.1,24.8,78.8,0.1,100,4.17,22.3,250.5,1008.3,63.7,10.2,9,"Mua, Co may"
6/15/2021,32.1,25,27.6,31.2,25.7,89.9,20.4,100,4.17,24.2,235.8,1007.8,71.6,9.4,6,"Mua, Co may"
6/16/2021,33,26,29,34.2,25.8,83.6,0.1,100,4.17,18.4,273.9,1009.2,61.6,9.9,8,"Mua, Co may"
6/17/2021,35,25,29.7,34.6,25.1,78.6,1.3,100,41.67,17.7,234.1,1009.5,59.9,9.9,7,"Mua, Co may"
6/18/2021,34,26,29.8,34.4,25.1,78.2,0.1,100,4.17,19.3,219.2,1009.9,43.7,10.3,5,"Mua, Co may"
6/19/2021,34,27,29.7,36.7,26.2,82.5,0.7,100,12.5,20.5,246.9,1009.2,58.1,10.3,5,"Mua, Co may"
6/20/2021,35,26,29.8,35.3,25.3,78.9,2.6,100,50,18.4,256,1007.8,54.6,10.3,6,"Mua, Co may"
6/21/2021,32,25,28.6,33.6,25.4,83.3,3.6,100,45.83,25.9,235.1,1007.5,46.6,10.3,5,"Mua, Co may"
6/22/2021,32,25.5,28,32.9,25.8,88.3,9.7,100,66.67,30.4,234.3,1008.7,52.7,10,7,"Mua, Co may"
6/23/2021,32,25,28,31.9,25.4,86.6,1.7,100,54.17,33.7,240.1,1009.2,57.8,10.3,6,"Mua, Co may"
6/24/2021,33,25.9,29.3,34.3,25.4,80.5,0,0,0,18.4,246.1,1008,51.4,10.3,6,Co may
6/25/2021,34,26.2,29,34.6,25.7,83.7,21,100,4.17,20.5,215.9,1007.6,49.7,10.2,6,"Mua, Co may"
6/26/2021,33,26.9,29.6,36,25.9,81.5,10,100,4.17,14.8,198.7,1008.9,50.4,10.2,5,"Mua, Co may"
6/27/2021,35,27,30.4,36,24.8,74.1,0,0,0,14.8,227.7,1009.8,44.8,10.3,7,Co may
6/28/2021,35,27,30.4,36.4,25.1,75.3,0,0,0,25.9,244.4,1008.8,51.7,10.3,6,Co may
6/29/2021,35,27,30.1,36.3,25.5,78,0.3,100,12.5,18,224.5,1008.1,55.5,10.3,5,"Mua, Co may"
6/30/2021,33.9,27,29.6,36.5,26.1,82.8,2.3,100,4.17,18.4,234.7,1008.4,55.8,10.3,5,"Mua, Co may"
7/1/2021,35,26.9,30.3,35.7,24.8,75.1,1.3,100,54.17,17,234.7,1008.4,48.8,10.3,7,"Mua, Co may"
7/2/2021,35,27.8,30.9,37.1,24.9,72.2,0,0,0,18.4,238,1008.6,49.1,10.3,6,Co may
7/3/2021,36,27,30.6,37.1,25.4,75.7,0.8,100,33.33,14.8,257.8,1007,46,10.2,6,"Mua, Co may"
7/4/2021,32.1,26.8,28.9,36,26.4,86.7,63.1,100,8.33,24.1,225.2,1006.4,50.8,10.1,4,"Mua, Co may"
7/5/2021,31,25,27.5,32,26.2,92.8,9,100,4.17,22.3,252.5,1005.9,68.6,9.3,5,"Mua, Co may"
7/6/2021,31,25,27.4,31,25.6,90.2,8,100,4.17,33.5,187.5,1005.8,64.4,9.2,3,"Mua, Co may"
7/7/2021,34,25,27.8,30.2,24.9,85.6,3.2,100,8.33,36.6,241.2,1007.1,66.7,9.9,3,"Mua, Co may"
7/8/2021,31,25,27.2,30.4,25.2,89.1,0.5,100,8.33,18.4,232.4,1007.6,61.5,10,4,"Mua, Co may"
7/9/2021,31,25,27.9,30.8,24.4,82.6,15.4,100,66.67,22.3,214.5,1007.3,58.9,10.2,4,"Mua, Co may"
7/10/2021,33,26,29.4,33.7,24.5,76.4,1.9,100,45.83,14.8,167.5,1007.3,58.6,10.3,8,"Mua, Co may"
7/11/2021,35,27,30.1,35.2,24.4,72.9,0.5,100,12.5,18.4,168.7,1008.6,54.3,10.3,7,"Mua, Co may"
7/12/2021,35,26,29.5,34.4,24.7,76.9,1.2,100,45.83,22.3,176.1,1008.6,53,10.1,5,"Mua, Co may"
7/13/2021,34,25,29.2,33.2,24.4,77.5,7.5,100,66.67,14.8,199.6,1007.6,58.7,9.6,5,"Mua, Co may"
7/14/2021,33,25,27.8,30.9,25,85.8,4,100,8.33,14.8,212.6,1007,58.9,9.4,6,"Mua, Co may"
7/15/2021,32,25,27.2,29.2,24.8,88.2,30.8,100,8.33,20.9,241.3,1008.2,76.5,8.6,6,"Mua, Co may"
7/16/2021,34,24.1,28.7,32.2,24.1,78,4,100,4.17,18.4,265.3,1009.4,51.8,10.1,7,"Mua, Co may"
7/17/2021,33,26,29.3,33.1,24.5,77.1,1.2,100,12.5,24.1,276.1,1007.5,50.5,10.3,8,"Mua, Co may"
7/18/2021,33,25.9,28.5,32.5,24.8,81.6,11.1,100,8.33,35.3,242.9,1006.3,67.1,10,6,"Mua, Co may"
7/19/2021,32.9,22.2,26.4,27.9,23.5,85.6,0.1,100,4.17,35.4,244.2,1007.6,79.5,9.2,5,"Mua, Co may"
7/20/2021,33,24.9,27.4,30.5,23.9,81.6,2.4,100,8.33,24.1,240.3,1008.7,54.2,10,9,"Mua, Co may"
7/21/2021,31,25.9,27.7,31,24.8,85,5,100,4.17,31.7,249.5,1008.1,69.7,9.8,6,"Mua, Co may"
7/22/2021,32,23,27.3,30.9,25,87.3,26,100,4.17,25.1,242.8,1007.7,68.5,9.6,6,"Mua, Co may"
7/23/2021,30,23.2,27.1,31,25.9,93.2,11,100,4.17,37.1,248.7,1006.9,76.3,9.9,7,"Mua, Co may"
7/24/2021,33,27,29.4,35.5,25.8,82.3,1.8,100,50,31.7,255.2,1006.6,68.8,10.1,6,"Mua, Co may"
7/25/2021,32,24,27.6,30.7,24.9,86,19.5,100,12.5,30.1,252.7,1007.6,71.4,9.7,6,"Mua, Co may"
7/26/2021,33,26,28.9,33.3,25.1,81.1,0.1,100,4.17,31.7,250.6,1006.8,58.5,10.2,8,"Mua, Co may"
7/27/2021,32.9,25,27.7,31.4,25.7,88.9,11.9,100,50,40.7,253.7,1006.1,48.9,9.9,8,"Mua, Co may"
7/28/2021,31,25,27.3,30.5,25.1,88.1,15.1,100,66.67,38.9,259.5,1005.8,65.1,10,6,"Mua, Co may"
7/29/2021,32,24.9,26.9,29.7,25.5,92.8,19,100,4.17,27.7,250.9,1006.9,76.4,9,7,"Mua, Co may"
7/30/2021,32,25,28.2,32.6,25.4,85.6,0.1,100,4.17,24.1,253,1007.8,69.5,10.1,6,"Mua, Co may"
7/31/2021,33,26,29.5,35.5,25.6,80.6,2.7,100,62.5,24.5,251.7,1007.7,58.7,10.3,8,"Mua, Co may"
8/1/2021,34,26,28.7,33.6,25.5,83.7,5.8,100,66.67,29.5,252.8,1006.4,66.4,10,9,"Mua, Co may"
8/2/2021,31.9,26,28.7,34.1,25.7,84.6,6.8,100,66.67,29.5,248.9,1006.9,65.3,10.3,6,"Mua, Co may"
8/3/2021,32.1,27,29.2,35,25.4,80.8,2.3,100,66.67,33.7,250.3,1007.7,57.3,10.3,5,"Mua, Co may"
8/4/2021,33,27,29.1,34.9,25.6,82.5,4.9,100,54.17,33.5,253.5,1008.2,55.7,10.2,5,"Mua, Co may"
8/5/2021,33,27,29.1,35.2,25.8,82.8,0.2,100,4.17,31.7,241.9,1008.1,52.7,10.3,6,"Mua, Co may"
8/6/2021,33,27,29.5,35.3,25.5,80.1,1.3,100,50,27.1,248.9,1008.4,53.1,10.3,6,"Mua, Co may"
8/7/2021,34,27,29.8,35.9,25.5,78.9,0,0,0,24.1,246,1008.7,60.2,9.9,7,Co may
8/8/2021,34,27,30,37.2,26.1,80.3,0.2,100,8.33,22.3,251.9,1008.3,49.9,9.8,6,"Mua, Co may"
8/9/2021,34,27,30.2,37.1,25.7,77.8,1.3,100,54.17,20.5,255.1,1007.2,63.5,10.3,5,"Mua, Co may"
8/10/2021,35,26,29.1,34.7,25.6,82.8,37,100,8.33,24.1,218,1006.9,68.4,9.7,6,"Mua, Co may"
8/11/2021,31.9,26,27.9,32.5,25.4,86.5,5,100,4.17,20.9,210.9,1009.3,64.3,10,5,"Mua, Co may"
8/12/2021,31,25,28,32,25.1,84.7,8.2,100,66.67,25.9,214.8,1010.8,57.2,9.6,6,"Mua, Co may"
8/13/2021,33.9,26,28.6,33.2,25.1,82.2,1.1,100,8.33,18.4,241.2,1009.1,69.8,9.7,7,"Mua, Co may"
8/14/2021,33,26,28.9,33.2,25,80.7,0.5,100,4.17,18.4,228.6,1007.9,65,10.2,5,"Mua, Co may"
8/15/2021,31,26,28.5,32.9,24.9,81.5,0.1,100,4.17,9.4,285.4,1010,66.3,10.3,5,"Mua, Co may"
8/16/2021,35,25,28.5,31,24.3,80.7,19,100,4.17,16.6,286.3,1011.6,50.9,8.6,9,"Mua, Co may"
8/17/2021,34,23,27.6,30.5,24.4,84.6,0.1,100,4.17,24.2,174.8,1010.6,56.2,8.5,7,"Mua, Co may"
8/18/2021,34,23.5,28,31.1,24.2,82.2,0.1,100,4.17,13,213.4,1008.8,63.8,9.2,5,"Mua, Co may"
8/19/2021,35,24,28.1,30.5,23.7,79.5,6,100,4.17,14.1,215.3,1008.2,63.7,9.4,7,"Mua, Co may"
8/20/2021,33,24,27.5,30.1,24.7,85.7,3.3,100,66.67,24.1,178,1009.1,72.7,8.7,6,"Mua, Co may"
8/21/2021,34,23,27.8,30.5,24.6,84.6,2.1,100,54.17,8.8,214.9,1009.2,57.7,8.4,9,"Mua, Co may"
8/22/2021,34,25.9,29.1,33.5,25.1,80.7,48.2,100,4.17,22.3,239.8,1008.3,60,9.9,6,"Mua, Co may"
8/23/2021,32,25,27.6,30.2,25.3,88.4,0.6,100,8.33,19.3,198,1007.9,73.2,9.6,6,"Mua, Co may"
8/24/2021,31.1,24,26.9,28.7,25.1,91.1,0.1,100,4.17,29.5,218.8,1007.2,76.8,8.9,5,"Mua, Co may"
8/25/2021,31.1,25,27.2,29.7,24.9,87.9,2.1,100,8.33,24.1,246.7,1007.4,73.1,9.4,5,"Mua, Co may"
8/26/2021,31,25,26.7,28.2,24.7,89.8,0.1,100,4.17,22.3,196,1008,74.9,9.7,5,"Mua, Co may"
8/27/2021,33,25,28.5,32.2,24.7,81.4,2,100,4.17,15.3,238.3,1007.6,60.7,9.8,8,"Mua, Co may"
8/28/2021,32,24,26.6,28.8,24.9,90.7,0.4,100,8.33,16.6,211.9,1007.6,73.3,8.5,8,"Mua, Co may"
8/29/2021,32,24,27.4,30.4,24.5,85.4,4,100,4.17,14.8,254.8,1007.4,65.1,9,4,"Mua, Co may"
8/30/2021,33,23.3,27.2,29.5,24.7,88,31.7,100,12.5,20.5,218.3,1008.2,67.5,9.4,4,"Mua, Co may"
8/31/2021,33.7,25,27.5,30.5,25,87.1,10.9,100,58.33,16.6,209.4,1008.8,71.5,9.3,7,"Mua, Co may"
9/1/2021,33,25.1,28.5,31.9,24.9,81.9,0.1,100,4.17,14.8,224.2,1008.4,55.6,9.8,6,"Mua, Co may"
9/2/2021,31,25,27.7,31.1,24.8,84.5,1,100,4.17,20.5,198.2,1008.2,57.3,10.6,7,"Mua, Co may"
9/3/2021,32,25,27.7,30.5,24.8,85.3,14.8,100,66.67,22.3,270.7,1007.5,66.9,9.9,4,"Mua, Co may"
9/4/2021,31,24.8,26.8,29.2,24.9,89.9,37,100,16.67,24.1,263,1008.3,79.5,9.9,6,"Mua, Co may"
9/5/2021,32,24,27.1,29.2,24.2,85.6,0.1,100,4.17,16.6,291.5,1008.8,71.4,9.8,5,"Mua, Co may"
9/6/2021,32,24,27.7,30.5,24.1,81.9,0.2,100,4.17,18.4,259.5,1008.9,55.7,10.1,7,"Mua, Co may"
9/7/2021,33,25,27.9,31.4,24.8,84.3,27.3,100,4.17,22.3,254.9,1007.8,58.5,9.9,6,"Mua, Co may"
9/8/2021,32,26,27.9,31.9,25.1,84.9,10.1,100,8.33,22.3,227.4,1006.5,58.6,10.1,6,"Mua, Co may"
9/9/2021,32,25,27.2,29.6,24.9,87.9,3.7,100,8.33,40.7,224.5,1007.8,70,9.8,3,"Mua, Co may"
9/10/2021,30.1,25,27.3,30.5,25.4,89.8,0.8,100,8.33,24.1,243.9,1008.2,74.7,9.9,4,"Mua, Co may"
9/11/2021,32,26,28,31.2,24.9,84,0.2,100,4.17,31.7,276.7,1006.8,64,10.1,3,"Mua, Co may"
9/12/2021,31,24,27.2,29.6,24.8,87.5,10.4,100,8.33,31.7,266,1004.7,68.6,9.7,8,"Mua, Co may"
9/13/2021,32.1,25,27.1,29.5,25.4,90.9,0.2,100,8.33,19.2,257.9,1005.7,65.3,9.6,5,"Mua, Co may"
9/14/2021,30,24,26.8,29.7,25.7,94.2,8,100,8.33,24.1,213.8,1008.1,71.5,8.9,4,"Mua, Co may"
9/15/2021,31,25,27.4,30,24.6,85.6,69,100,4.17,18.4,220,1010,72.8,10.2,5,"Mua, Co may"
9/16/2021,32,25,28,31.6,25.3,86.4,0.2,100,8.33,11.2,207.6,1009.6,62,9.5,6,"Mua, Co may"
9/17/2021,33,25,28.1,31.5,24.6,82.8,20.2,100,8.33,20.5,195.6,1009.1,65.2,9.5,7,"Mua, Co may"
9/18/2021,33.8,25,27.5,30.4,24.5,84.5,1.6,100,54.17,13,167.3,1008.6,56.1,9.7,7,"Mua, Co may"
9/19/2021,30,24,26.6,28.4,24.7,90.1,12.1,100,12.5,13,285.8,1008.5,79.4,8.4,3,"Mua, Co may"
9/20/2021,32,24,27,29.3,24.1,84.8,0.4,100,8.33,26.1,253.5,1008.4,71.7,10,9,"Mua, Co may"
9/21/2021,32,25,27.2,28.9,24.3,85,12.3,100,66.67,22.3,233.1,1008.2,73.3,10.1,6,"Mua, Co may"
9/22/2021,32,25,27.6,30.6,24.8,85.1,12,100,4.17,18.4,241.7,1008.2,58.8,10.1,5,"Mua, Co may"
9/23/2021,32,25,27.7,30,24.1,82.4,0.1,100,4.17,19.3,258.3,1008.6,79.2,9.9,4,"Mua, Co may"
9/24/2021,33,24,27.3,30.1,25.2,89.1,1.4,100,8.33,16,237,1008.5,80.8,9.9,6,"Mua, Co may"
9/25/2021,31,24,26.9,28.6,25,89.9,7.4,100,4.17,22.3,218.4,1008.1,69.8,9.5,7,"Mua, Co may"
9/26/2021,32,25,26.6,28.5,24.9,91.7,3.1,100,8.33,11.2,167.7,1007.7,82.3,9.5,5,"Mua, Co may"
9/27/2021,33,24,28.6,32.3,24.5,80.1,2,100,54.17,16.6,139.2,1007.9,50.8,10,6,"Mua, Co may"
9/28/2021,33.9,26,29,33.6,25,80.9,0.1,100,4.17,14.1,156.4,1008.2,57.5,9.5,7,"Mua, Co may"
9/29/2021,33,26,28.6,32.9,25,81.8,0.1,100,4.17,16.6,199.5,1007.7,63.6,9.5,8,"Mua, Co may"
9/30/2021,32,25,27.6,30.8,25.1,87,35,100,12.5,11.2,239.1,1008.5,69.9,9.1,7,"Mua, Co may"
10/1/2021,32,25,27.7,31,25.2,86.7,9.8,100,20.83,18.4,179.9,1009.2,64.5,9.1,4,"Mua, Co may"
10/2/2021,29,24,25.8,27.7,24.5,93,31.3,100,87.5,22.3,170.7,1009.7,82.3,9.1,6,"Mua, Co may"
10/3/2021,30,24,27,29.9,24.5,87,7.3,100,25,9.4,179.4,1008.7,58.1,9.8,5,"Mua, Co may"
10/4/2021,32,25,27.9,31.3,25.1,85.6,0.1,100,4.17,13,239.4,1007,72.8,9.2,5,"Mua, Co may"
10/5/2021,32,24.1,27.4,29.8,24.8,86.9,22.1,100,8.33,20.5,234,1005.8,79.4,8.5,4,"Mua, Co may"
10/6/2021,29,25,26.6,28.9,25.6,94.6,12.1,100,8.33,9.4,254,1004.7,82.7,8.3,4,"Mua, Co may"
10/7/2021,30,24,26.9,29.4,25.2,91.5,10,100,12.5,16.6,259.1,1004.1,73.4,8.6,6,"Mua, Co may"
10/8/2021,31.1,25,27.8,31.9,25.4,87.5,5,100,4.17,22.3,260,1004.6,69.8,9.9,5,"Mua, Co may"
10/9/2021,31,25.2,27.2,30,25.6,91.2,5.3,100,4.17,28.4,258.2,1006.4,69.9,10,4,"Mua, Co may"
10/10/2021,32,26,28.1,32.7,25.8,88.1,0.9,100,8.33,24.1,257.5,1005.9,61.8,10.1,6,"Mua, Co may"
10/11/2021,30,24,27.1,30.9,25.4,90.7,15,100,8.33,20.5,258.2,1005.3,71.6,9.2,3,"Mua, Co may"
10/12/2021,31,25,27.4,30.3,25,87.7,50,100,8.33,29.5,256.8,1005,85.7,9,4,"Mua, Co may"
10/13/2021,32,26,28.2,32,25,83.6,5.3,100,66.67,27.7,260.4,1004,69,10.3,5,"Mua, Co may"
10/14/2021,32,26.9,28.4,33.9,25.8,86.4,7,100,4.17,25.9,233.4,1005.3,74.5,10,7,"Mua, Co may"
10/15/2021,34,25,28.4,32.4,25.2,84,0.7,100,4.17,29.5,222.1,1006.5,65.1,9.8,5,"Mua, Co may"
10/16/2021,29,25,26.4,28.3,24.8,91.3,8,100,8.33,11.2,166.8,1007.8,88.9,8.9,5,"Mua, Co may"
10/17/2021,30,23,26.3,27.9,23.4,84.9,4.9,100,54.17,25.2,257.8,1008.5,75.6,9.9,6,"Mua, Co may"
10/18/2021,32,26,28.6,32.2,24.4,79.2,0.3,100,12.5,13,137.4,1009.9,47.9,10.3,5,"Mua, Co may"
10/19/2021,33,26,28.9,33.6,25.1,80.7,3,100,8.33,16.6,128.2,1012.3,47.9,10.3,6,"Mua, Co may"
10/20/2021,31.9,25,27.1,29.8,25.4,90.8,9,100,4.17,14.8,166.8,1012.4,58.5,8.1,4,"Mua, Co may"
10/21/2021,32,25,27.7,30.5,24.3,83,10,100,4.17,14.8,192.7,1011.7,65.5,8.4,5,"Mua, Co may"
10/22/2021,32,25,27.7,31.1,24.8,84.8,8,100,4.17,12.8,105.6,1011.8,58.8,8.9,6,"Mua, Co may"
10/23/2021,34,24,27.6,29.8,24.3,84.7,60,100,4.17,18.4,138.2,1011.8,61.3,8.1,5,"Mua, Co may"
10/24/2021,33,24,27.3,29.6,24.7,87.6,67,100,8.33,16,256.9,1010.5,55,7.8,9,"Mua, Co may"
10/25/2021,31,24,27.4,30.2,24.4,84.5,1.8,100,45.83,10.8,169.3,1009.4,71.6,9.5,7,"Mua, Co may"
10/26/2021,31.9,25,28,30.1,22.3,72.4,0.6,100,16.67,16.6,93.2,1008.2,71.5,10.1,8,"Mua, Co may"
10/27/2021,29,24,26.6,27.9,23.5,83.8,1,100,4.17,16.6,249,1008.8,99.7,9,7,"Mua, Am u"
10/28/2021,32.9,24,28.4,31.2,22.9,73.6,1.7,100,45.83,16.6,132.5,1010.3,44.6,10.3,5,"Mua, Co may"
10/29/2021,35,26,29.1,33.4,24.5,77.9,0.7,100,12.5,16.6,100,1011.4,46,10.3,6,"Mua, Co may"
10/30/2021,33,25,28.3,31.6,24.4,80.8,0.1,100,4.17,16.6,120.5,1011.6,65.8,9.1,6,"Mua, Co may"
10/31/2021,33,25,28.1,31.4,24.4,81.5,0.7,100,16.67,22.5,101.9,1011.8,49.4,9.9,5,"Mua, Co may"
11/1/2021,34,25,28.8,32.6,24.7,79.9,0.1,100,4.17,16.1,123.3,1011,49.1,9.2,6,"Mua, Co may"
11/2/2021,34,25,29.2,32,23.4,73.4,2.5,100,25,14.8,142.9,1010.7,45.6,9.9,9,"Mua, Co may"
11/3/2021,34,25,29.5,32.5,23.1,70.8,7.7,100,58.33,11.2,122.7,1009.9,44,9.6,5,"Mua, Co may"
11/4/2021,34,25,29.3,32,22.6,69.2,0.2,100,8.33,18,111.4,1009.7,44.5,9.8,5,"Mua, Co may"
11/5/2021,33,25,28.6,31.5,23.8,76.7,2.3,100,41.67,18.4,131.8,1008.6,40.2,9.9,5,"Mua, Co may"
11/6/2021,34,25,29.1,32.5,23.7,74.5,9.4,100,54.17,14.8,124.5,1007,46,9.9,8,"Mua, Co may"
11/7/2021,33.8,25,29.1,33.6,24.5,77.5,0.8,100,12.5,14.8,117.6,1007.1,57.9,10,6,"Mua, Co may"
11/8/2021,34,26,29.8,33.8,23.8,71.7,3.7,100,54.17,22.3,118,1008.1,55.3,10.2,6,"Mua, Co may"
11/9/2021,31.9,25,28.1,31,24,79.8,1.8,100,54.17,9.4,123.5,1009,68.3,8.7,5,"Mua, Co may"
11/10/2021,33,25,28.6,31.1,23.2,74.4,6.1,100,54.17,14.8,75.7,1009,46.5,9.8,6,"Mua, Co may"
11/11/2021,31,25,26.8,28.4,23.9,84.5,0.3,100,4.17,13,156.3,1009.2,76.1,9.5,6,"Mua, Co may"
11/12/2021,34,24,27.9,30.9,24.4,82.9,0.1,100,4.17,14.8,151.2,1009.4,55.5,9.1,6,"Mua, Co may"
11/13/2021,33,25,28.6,31.4,23.9,77.8,6.5,100,66.67,22.3,131.9,1009.5,47.1,9.2,7,"Mua, Co may"
11/14/2021,30,25,26.8,28.6,24.2,86.1,0.3,100,4.17,11.2,188.3,1010.2,63.6,9.1,7,"Mua, Co may"
11/15/2021,32,24,27.8,30.4,24,81.3,7.2,100,58.33,14.8,120.9,1008.3,53.9,9.4,7,"Mua, Co may"
11/16/2021,32,25,27.8,30.7,24,80.7,2.2,100,4.17,14.8,137.9,1008.9,61.6,9.1,4,"Mua, Co may"
11/17/2021,34,25,27.9,30.5,24.9,85.7,0.5,100,4.17,13,152.7,1009,64.1,8,7,"Mua, Co may"
11/18/2021,32,25,27.7,30.5,24.7,84.8,12.1,100,4.17,13,138.6,1008.4,65.1,8.4,6,"Mua, Co may"
11/19/2021,33,25,28.5,31.9,24.6,81.1,0.1,100,4.17,14.8,215,1007.1,53,8.5,6,"Mua, Co may"
11/20/2021,31,25,27.1,29.5,25.1,89.1,15.3,100,8.33,16.6,185.6,1007.2,69.8,8.5,6,"Mua, Co may"
11/21/2021,33,24,28.5,31.7,24,78.6,0.6,100,8.33,11.2,171.9,1008.1,49.6,8.2,8,"Mua, Co may"
11/22/2021,31.9,26,28.6,32.9,24.5,78.8,8.8,100,66.67,24.1,116.3,1009.1,62.5,10.5,4,"Mua, Co may"
11/23/2021,33,24.1,27.6,29.8,24.2,83.4,5,100,66.67,7.6,136.4,1009,55.7,9.4,6,"Mua, Co may"
11/24/2021,33.9,24,28.4,30.6,22.9,74.6,0.2,100,8.33,13,158,1009.6,58.7,9,4,"Mua, Co may"
11/25/2021,32,25,28,29.8,22.3,72.4,4.2,100,54.17,13.7,113.9,1009.8,76,9.7,5,"Mua, Co may"
11/26/2021,32,24,27.8,29.3,20.8,66.6,0,0,0,20.5,129.2,1009.3,56.6,10.3,5,Co may
11/27/2021,28,25,26,26.4,21,74,3,100,58.33,22.3,37,1009.5,78.1,10,4,"Mua, Co may"
11/28/2021,31,24,26.8,28.4,22.9,80.7,2.4,100,41.67,13,209.1,1008.4,69.9,10.1,5,"Mua, Co may"
11/29/2021,30,25,26.7,29,24.7,89.1,3.1,100,8.33,12.1,139,1007.8,84.1,8.7,3,"Mua, Co may"
11/30/2021,29,25,26.1,26.9,24.2,89.4,6,100,4.17,20.5,86.4,1009.2,73.3,9.7,3,"Mua, Co may"
12/1/2021,31,24,26.8,27.7,21.6,75.6,0,0,0,14.8,135.9,1010.3,68.2,9.6,7,Co may
12/2/2021,30.9,22,26.2,26.6,18.9,66.1,0,0,0,11.7,116.7,1011.4,46.3,9.6,9,Co may
12/3/2021,31,22,26.2,26.5,18.2,63.3,0.2,100,8.33,11.2,179,1012.8,42.8,10.2,8,"Mua, Co may"
12/4/2021,29,21,24.5,24.6,16.4,62,0,0,0,13,177.3,1013,57.1,9.6,9,Co may
12/5/2021,30,19,25,25.5,18.1,67,0,0,0,12.4,273.1,1012,54.7,9.9,9,Co may
12/6/2021,31,21,26.6,27.5,20.5,71,0,0,0,12.4,194.3,1011.2,45.6,10.1,9,Co may
12/7/2021,30.9,22,26.3,27.1,19.8,68.5,0,0,0,11.2,176.3,1011.8,48.6,10,8,Co may
12/8/2021,32,21,27.2,28.2,19.9,66.9,0,0,0,9.4,161.3,1012,51.6,8.6,9,Co may
12/9/2021,31,25,27.3,29,22.2,74.5,0.1,100,4.17,11.2,138.6,1012.3,74.9,9,6,"Mua, Co may"
12/10/2021,33,22,27.1,27.4,18.3,60.2,0.1,100,4.17,10.8,114.8,1012.1,37.4,9,8,"Mua, Co may"
12/11/2021,32,23,26.6,27.1,20.3,71,0,0,0,11.2,275.3,1012.3,51.9,9.1,8,Co may
12/12/2021,32,23,27.4,29.2,22,74.2,0,0,0,13,187.8,1011.4,51.2,9.1,8,Co may
12/13/2021,33,23,27.9,28.5,19.8,64.4,0,0,0,16.6,85.4,1010.8,35.5,10.1,9,Co may
12/14/2021,32,23,27.5,28.8,20.4,66.5,0,0,0,11.2,133.9,1009.4,59.8,10.3,8,Co may
12/15/2021,34,24,28.4,30.1,21.5,68.5,0,0,0,11.2,140,1009,58.4,10.1,8,Co may
12/16/2021,32,26,28.9,32.8,24,75.6,0.1,100,4.17,9.4,171.3,1009.5,63.2,8.5,8,"Mua, Co may"
12/17/2021,32,25,28.3,30.6,22.9,74.1,1,100,29.17,11.2,119,1009.7,51,9.9,8,"Mua, Co may"
12/18/2021,33,23,27.7,28.2,18.8,60.9,0,0,0,18.4,78.8,1009.5,43.2,9.5,8,Co may
12/19/2021,31,24,26.6,26.8,17.1,56.6,0,0,0,21.4,238.1,1009.7,68.4,9.8,7,Co may
12/20/2021,31,23,26.7,27.7,19.7,66.5,0,0,0,14.8,274.6,1011.8,59.4,10.3,8,Co may
12/21/2021,32.8,23.1,27.6,29.3,22.4,75,0,0,0,14.8,126.3,1012,57.7,9.5,8,Co may
12/22/2021,31,25,26.9,28.5,23.6,83.1,1.1,100,12.5,14,135.2,1011.4,66.5,9.2,5,"Mua, Co may"
12/23/2021,32,25,27.5,28.9,22.7,77.5,0.6,100,4.17,14.8,132.8,1011,63.2,8.4,5,"Mua, Co may"
12/24/2021,32,23,26,26.7,22.3,82.9,0,0,0,19.9,160.7,1011.2,57.5,9,7,Co may
12/25/2021,33,23,27.2,28.4,22,76,0,0,0,14.8,145.5,1011.8,54.1,8.9,9,Co may
12/26/2021,32,24,27.9,30.1,22.8,75.2,0,0,0,11.2,212.5,1012.5,68.4,9.8,8,Co may
12/27/2021,33,24,27.3,28.8,23.5,81.9,0.1,100,4.17,14.8,147.6,1012.9,60.1,8.4,8,"Mua, Co may"
12/28/2021,31,23.5,27.1,28.9,23.7,83,1,100,4.17,13,93.1,1012.3,69.3,8.7,8,"Mua, Co may"
12/29/2021,32,24,27.4,29,22.4,76.4,0,0,0,16.6,72.1,1012.2,69.2,9.4,8,Co may
12/30/2021,33,24,27.8,28.4,19,60.4,0,0,0,18.4,48.7,1013.3,49.1,10.3,7,Co may
12/31/2021,32.8,23,27.6,28,17.7,56.4,0,0,0,14.8,64.3,1013.2,41.2,10.3,8,Co may
1/1/2022,33,23,27.5,28.2,18.2,58.5,0,0,0,14.8,89.6,1013,44.6,10.3,8,Co may
1/2/2022,32.6,23,27.6,28.8,20.1,65.6,0,0,0,14.8,97.1,1012.3,47.9,10.1,8,Co may
1/3/2022,32,24.1,27.5,28.5,20.8,68.3,0,0,0,13,114.8,1011.4,49.6,9.9,7,Co may
1/4/2022,32,24,27.3,28.9,22.3,75.4,4,100,4.17,13,143.7,1011.5,48.3,9.2,8,"Mua, Co may"
1/5/2022,32,24,27.6,29.5,22,72.3,0,0,0,10.8,147.2,1011.5,56.3,9.9,8,Co may
1/6/2022,31,24.1,27.6,29.9,22.8,76,0,0,0,9.4,169.3,1011.8,66.4,8.9,7,Co may
1/7/2022,33,26,28.4,30.2,22.1,70.3,0.1,100,4.17,18.4,128.6,1012.2,63.5,9.3,9,"Mua, Co may"
1/8/2022,33,24,27.8,29.2,21,68,0.9,100,33.33,13,170.1,1012.1,48,9.4,9,"Mua, Co may"
1/9/2022,32.9,23,27.4,28.5,21.1,70.9,0,0,0,18.4,122.2,1011.1,47.3,10.2,9,Co may
1/10/2022,32,25,27.9,29.5,21.8,71.1,0,0,0,15.3,112.1,1011.7,60.2,9.3,9,Co may
1/11/2022,34,24,27.8,28.6,20,64.9,0,0,0,16.4,131.5,1012.6,44.9,10.2,8,Co may
1/12/2022,32,22,26.7,26.9,18.1,61.9,0,0,0,14.8,146.1,1013.1,37.9,10.3,8,Co may
1/13/2022,30,21,26.1,26.7,19.3,68.5,0,0,0,14.8,161.3,1013.2,38.8,9.1,8,Co may
1/14/2022,33,22.1,27.1,27.2,17.9,60.4,0,0,0,16.6,133.1,1013.3,59.3,9.8,8,Co may
1/15/2022,34,21,26.7,27.1,18.9,65.9,0,0,0,14.8,143,1012.6,48.4,9.1,8,Co may
1/16/2022,33,22,27.6,28,18.5,60.9,0,0,0,16.6,100.5,1012.4,28.9,10.2,8,Co may
1/17/2022,32,24,27.6,28.4,19.8,63.6,0,0,0,11.2,200.7,1012.5,57.9,9.3,8,Co may
1/18/2022,33,23,27.4,28.2,20.3,67.7,0,0,0,18.4,167.3,1011.6,44,9.6,8,Co may
1/19/2022,31.8,24,27.1,27.7,20.1,67.6,0,0,0,18.4,201.6,1010.5,46.5,9.8,8,Co may
1/20/2022,32,23,27,27.6,20.1,68.8,0,0,0,14.8,263.6,1010.3,43.4,9,8,Co may
1/21/2022,33.7,23,27.3,28.1,19.9,66,0,0,0,22.3,196.7,1010.7,48.4,9.4,8,Co may
1/22/2022,33.7,23,27.5,28.1,20.3,67.4,0,0,0,21.6,169.2,1009.6,42.6,10,8,Co may
1/23/2022,33,24.9,27.6,28.9,21.6,71.3,0,0,0,16.6,147.9,1009.8,61.2,10.3,8,Co may
1/24/2022,33,24.9,28.1,29.8,22.3,72.9,0,0,0,18.4,198.2,1009.6,47.7,9.6,8,Co may
1/25/2022,31,25,27.6,29.4,22.5,74.8,0,0,0,18.4,171.6,1009.9,50.8,9.9,7,Co may
1/26/2022,33,24,27.5,29,22.5,75.8,0,0,0,18,155.7,1010.2,46.4,9.1,8,Co may
1/27/2022,35,24,27.8,28.8,21.4,73,0,0,0,20.5,196,1009.7,40.7,8.1,9,Co may
1/28/2022,33,24,27.8,29.2,21.8,72.5,0,0,0,13,260.3,1010.2,45.8,9.3,9,Co may
1/29/2022,33,25,28,30,23.1,76.5,0,0,0,14.8,214.9,1009.8,57.4,9.5,8,Co may
1/30/2022,32,25.9,27.7,29.3,22.6,74.7,0,0,0,24.1,162.5,1010.3,56.4,9.9,8,Co may
1/31/2022,34,24.9,28.4,29.2,20.2,64.1,0,0,0,22.3,132.9,1009.9,39.9,10.3,9,Co may
2/1/2022,35,25,29.1,29.9,19.8,60.1,0,0,0,18.4,129.7,1010.2,35.8,10.3,8,Co may
2/2/2022,35,24,29.2,30.1,19.3,57.5,0,0,0,20.5,133.3,1010.8,30.8,10.3,8,Co may
2/3/2022,36,24,29.1,30.6,20.6,62.4,0.2,100,8.33,19.9,122.5,1010.6,38.2,10.3,8,"Mua, Co may"
2/4/2022,35,24,28.8,30.3,21.2,66.4,1.5,100,16.67,14.1,107.5,1010,53,10.1,9,"Mua, Co may"
2/5/2022,35,24,28.7,29.7,19.7,60.6,0,0,0,14.8,92,1010.4,43.4,10.3,9,Co may
2/6/2022,33,23,28.5,29.3,18.6,56.7,0.1,100,4.17,19.3,118.1,1011,55.4,10.3,8,"Mua, Co may"
2/7/2022,34.7,24,29.2,30.6,20.4,61,0.3,100,8.33,18.4,95.2,1010.5,48.9,10.3,9,"Mua, Co may"
2/8/2022,33,26.9,28.8,31,20.8,62.8,1.6,100,20.83,17.7,147.8,1010.4,44.1,10,6,"Mua, Co may"
2/9/2022,35,24,29,30.5,20.4,61.5,0.1,100,4.17,18.4,116.2,1010.3,49.4,10.1,8,"Mua, Co may"
2/10/2022,35,25,29.4,30.7,19.9,58.6,0.4,100,12.5,20.5,104.8,1009.5,47.9,10.1,7,"Mua, Co may"
2/11/2022,33,25,28.7,30.5,21.2,65.5,1.1,100,12.5,19.9,120.1,1008.9,48.5,10,8,"Mua, Co may"
2/12/2022,35.7,25,29.4,30.5,19.9,59.6,0,0,0,15.7,89.1,1008.1,39.6,9.9,8,Co may
2/13/2022,33,25,28.9,30.5,20.7,62.3,0,0,0,18.4,116.1,1007.4,44.9,10,7,Co may
2/14/2022,34.9,25.9,29.2,31.2,21.7,66,0.4,100,8.33,18.4,115.4,1007.8,51.8,9.9,8,"Mua, Co may"
2/15/2022,34,25,28.9,30.3,21.3,66.1,0.1,100,4.17,27.7,133.5,1008.6,49.7,9.8,8,"Mua, Co may"
2/16/2022,34,26,29.1,30.7,20.8,62.6,0,0,0,20.9,130.6,1008,52.8,10.3,8,Co may
2/17/2022,33,25.9,28.6,30.5,21.9,68.5,0,0,0,24.1,145.8,1007.9,40.1,10.3,9,Co may
2/18/2022,34,25.9,29,31,22,67.8,0,0,0,18.4,146.1,1008.7,32.4,10.1,9,Co may
2/19/2022,32,25.9,28.7,30.9,22.2,69.3,0.1,100,4.17,16,157.1,1010.2,51.9,10.3,9,"Mua, Co may"
2/20/2022,32,25.9,28.3,30.7,23,73.9,0.2,100,8.33,19.3,142.7,1009.8,62.3,10.1,5,"Mua, Co may"
2/21/2022,33.8,25,27.7,29.2,22.4,74.1,9.1,100,12.5,14.8,161.4,1010.5,51.2,10,9,"Mua, Co may"
2/22/2022,32,25,26.6,27.7,23.3,83,16.1,100,33.33,22.3,213.4,1011.8,62,8.6,8,"Mua, Co may"
2/23/2022,33,24,27.6,29.3,22.3,75.1,0.9,100,4.17,14.8,131.7,1012.3,61.8,9,9,"Mua, Co may"
2/24/2022,32,24,27.7,28.2,19.3,62.4,0,0,0,13,80.1,1012.8,74.5,9.5,9,Co may
2/25/2022,33,23,27.6,28,17.2,54.3,0.7,100,12.5,14.8,55.9,1012.7,52.1,10.3,8,"Mua, Co may"
2/26/2022,35,23,28.7,29.4,18.5,56.4,0,0,0,16.6,73.8,1012,36.7,10.3,9,Co may
2/27/2022,35,24,29,29.9,20,61.5,0,0,0,14.8,99.6,1011.7,37.9,10.2,9,Co may
2/28/2022,35,24,29.3,30.5,20.1,60.6,0,0,0,18.4,133.5,1011.1,42.5,10.2,9,Co may
3/1/2022,34,26,29.4,31,19.8,57.2,0,0,0,14.4,121.9,1011.1,49.5,10.1,7,Co may
3/2/2022,34,26,28.6,30.7,20.9,63.9,1.8,100,8.33,17.3,159.5,1010.6,63.2,9.4,7,"Mua, Co may"
3/3/2022,34,26,29.4,30.7,20.6,61.8,0,0,0,16.6,187.8,1010.3,55.2,9.5,9,Co may
3/4/2022,35,25.9,29.6,31.1,19.7,56.1,0,0,0,24.5,172.8,1009.5,45.5,10.1,9,Co may
3/5/2022,34,26.9,29.4,31.9,21.5,64,0.2,100,8.33,14.8,145.8,1009.2,45.9,9.9,7,"Mua, Co may"
3/6/2022,36,24,29.8,31.5,20.7,61,0,0,0,18.4,124.5,1009.1,44.2,10.1,9,Co may
3/7/2022,34.8,26,29.6,31.9,21.2,62,0,0,0,21.6,114.2,1009.6,46.7,10.3,8,Co may
3/8/2022,36,25,29.3,30.3,19.6,58.4,0,0,0,16.6,153.7,1009.2,35.9,10.3,9,Co may
3/9/2022,34,25,28.6,30.2,21,64.5,0,0,0,18.4,194,1008.9,43.5,9.6,9,Co may
3/10/2022,31,24.9,27.3,28.3,20.5,67.3,0,0,0,16.6,174.5,1008.8,43.9,9.5,8,Co may
3/11/2022,34,25,28.7,29.8,20.5,63.5,0,0,0,16.6,228.5,1007.6,44.6,9.5,9,Co may
3/12/2022,32,25,27.6,29.8,23,77,3,100,4.17,24.1,176.2,1007.3,61.9,9,7,"Mua, Co may"
3/13/2022,35,25.9,29.8,32.3,22.3,66.5,0.3,100,8.33,20.5,123.5,1007.3,44.9,9.7,8,"Mua, Co may"
3/14/2022,34.8,26.9,29.6,33,22.7,67.9,0.3,100,12.5,18.4,136,1007.9,49.2,10.2,7,"Mua, Co may"
3/15/2022,35,26.9,29.7,32.9,22.6,67.6,0,0,0,19.9,144.4,1007.3,47.3,10.3,8,Co may
3/16/2022,33,26,29.1,31.6,21.9,66.4,0,0,0,18.4,150,1007.5,45.6,10.3,9,Co may
3/17/2022,34,26,29.2,31.4,21.7,65.7,0,0,0,16.6,147.1,1007.3,48.1,10.1,9,Co may
3/18/2022,34,26,29.5,32.8,23,69.5,0,0,0,16.9,155,1007.3,54.8,10.1,9,Co may
3/19/2022,35,25.1,29.6,32.4,22.7,68.6,0,0,0,24.5,121.7,1006.8,43.9,9.9,9,Co may
3/20/2022,34,26,29,32.6,23.6,74.3,1,100,16.67,29.5,118.3,1007.9,55.1,9.7,9,"Mua, Co may"
3/21/2022,34,27,29.4,32.8,23,70.3,0.3,100,4.17,22.3,139,1009.4,63.3,10.2,8,"Mua, Co may"
3/22/2022,33,26.6,28.3,32.3,24.3,79.7,0.7,100,4.17,19.6,126.9,1010,53.6,10,8,"Mua, Co may"
3/23/2022,35,25,29.3,32.6,23.5,73.1,0,0,0,18.4,127.3,1009.6,48.6,10.1,10,Co may
3/24/2022,34.8,26.9,30,34.2,23.6,70.6,2,100,8.33,20.5,141.7,1009.3,51.2,10.3,9,"Mua, Co may"
3/25/2022,35,27,30.1,34.3,23.6,70.6,0,0,0,24.1,146.8,1009.9,44.7,10.3,10,Co may
3/26/2022,36,26.9,30.6,34.4,22.9,66.4,0,0,0,13,160.5,1010.4,56.9,10.3,10,Co may
3/27/2022,35,27.9,30.5,34.9,23.4,67.5,4,100,4.17,16.6,165.2,1010,58.6,10.3,10,"Mua, Co may"
3/28/2022,36,24,29.4,32.6,23.4,73.4,3.1,100,8.33,22.3,162.2,1009.9,50,9.3,10,"Mua, Co may"
3/29/2022,35,25,28.1,30.8,24.2,81.4,1,100,4.17,34.6,167.2,1009.3,68.7,8,10,"Mua, Co may"
3/30/2022,33.9,24,28.9,31.1,22.6,70.9,0.5,100,8.33,19.3,241.8,1008.2,55.2,9.7,10,"Mua, Co may"
3/31/2022,33,25,28.1,30.9,23.7,78.5,6,100,4.17,24.1,124.4,1008,60.6,8.3,7,"Mua, Co may"
4/1/2022,32,24,28,31.4,24.3,81.3,30,100,8.33,22.3,128.6,1009.7,66.7,9.3,10,"Mua, Co may"
4/2/2022,34,26,29.3,32.2,23.1,71.3,5.3,100,16.67,23.5,144.5,1010.4,58.1,10.3,9,"Mua, Co may"
4/3/2022,35,24,28,29.2,21.9,73.2,2.3,100,25,23.5,183.2,1010.4,59.8,10,10,"Mua, Co may"
4/4/2022,33,24,27.4,28.3,21.6,72.7,2,100,4.17,17,56.4,1011.9,65.1,9.7,9,"Mua, Co may"
4/5/2022,34,24,27.5,28.6,22.1,74.3,20,100,4.17,22.3,130,1011.9,58.9,9.4,10,"Mua, Co may"
4/6/2022,34,25,28.7,31,23,73.9,9,100,4.17,13,204.8,1010.8,53.3,9.2,9,"Mua, Co may"
4/7/2022,33,25,28.8,30.9,22.1,68.9,1.1,100,8.33,14.7,249.4,1010,54.8,9.9,6,"Mua, Co may"
4/8/2022,34,25,29.4,31,20.9,63.6,0.2,100,8.33,16.6,242.6,1009.7,44.2,9.6,10,"Mua, Co may"
4/9/2022,34,25.9,29.2,31.4,22,67.6,1.9,100,12.5,16.6,227.8,1009.1,51.7,9.7,10,"Mua, Co may"
4/10/2022,33,26.9,29.1,32,22.3,67.7,10.8,100,33.33,16.6,163.7,1008.9,56.1,10.3,10,"Mua, Co may"
4/11/2022,33,26,29,31.8,22.5,69.6,1.2,100,37.5,16,149.8,1008.7,47.3,10.3,10,"Mua, Co may"
4/12/2022,33,26,29.5,33.8,24,73.9,35,100,8.33,18.4,167.9,1007.7,61.8,9.6,10,"Mua, Co may"
4/13/2022,35,26.9,29.9,34,23.4,70,0.2,100,4.17,33.5,209.3,1006.6,60.1,9.7,10,"Mua, Co may"
4/14/2022,35,27,29.9,35.4,24.9,76.9,0.5,100,8.33,28.1,206.8,1006.5,62.9,10.3,10,"Mua, Co may"
4/15/2022,34,24.1,28.7,33.4,24.9,80.9,7,100,4.17,20.3,157.7,1007.3,59,9.4,10,"Mua, Co may"
4/16/2022,32,24,27.6,30.9,25.1,87.2,15,100,4.17,16.6,170.1,1007.5,66.5,8.3,5,"Mua, Co may"
4/17/2022,33.8,25,29,32.2,23.6,74.6,0.2,100,8.33,18.4,124.7,1008.1,57.1,9.3,10,"Mua, Co may"
4/18/2022,33,27.9,30.1,33.5,22.2,63.8,0.1,100,4.17,18.6,132.1,1008.9,54.2,10.3,10,"Mua, Co may"
4/19/2022,34,26,29.9,33,22.1,64.3,0.7,100,20.83,16.6,133,1009.8,53.9,10.1,10,"Mua, Co may"
4/20/2022,34.8,26,29.5,32.9,22.9,68.7,0.7,100,4.17,18.4,109.3,1009.2,58.7,9.3,10,"Mua, Co may"
4/21/2022,34.9,26.9,30.3,33.8,22.4,63.6,0.5,100,16.67,20.3,123.8,1008.7,46.2,9.8,10,"Mua, Co may"
4/22/2022,34.9,27,30.4,33.9,22.4,63.7,0,0,0,24.8,131.6,1009.1,40.5,10.3,10,Co may
4/23/2022,34.8,27,30,34.6,23.8,70.8,1.5,100,8.33,24.1,135.6,1008.5,50.9,10.3,10,"Mua, Co may"
4/24/2022,34.8,27.9,30.3,35.8,24.4,71.9,0.2,100,4.17,20.5,139.4,1007.5,52.5,10.3,10,"Mua, Co may"
4/25/2022,34,28,30.4,36,24.5,71.8,0,0,0,20.5,152.7,1007.2,50.8,10.3,9,Co may
4/26/2022,35.1,26,30.7,36.4,24.7,71.5,2.5,100,20.83,16.6,170.4,1007.3,56.1,10.2,9,"Mua, Co may"
4/27/2022,36,27,31,37.1,24.8,71.8,17,100,4.17,17.8,190.5,1006.8,62.1,9.7,10,"Mua, Co may"
4/28/2022,35,28.9,31.1,37.2,24.6,70.1,0.6,100,16.67,16.6,153.8,1007,57.6,10.3,7,"Mua, Co may"
4/29/2022,29,23,26.9,30.2,25,90,5,100,4.17,14.8,227.5,1007.6,76.9,8.2,1,"Mua, Co may"
4/30/2022,30.9,24,26.6,29.5,24.8,90.5,20,100,4.17,14.8,124.6,1006.7,81.1,8.9,9,"Mua, Co may"
5/1/2022,31,26,27.5,30.8,25.5,89.4,7,100,8.33,20.9,157.2,1006.4,68.4,8.9,8,"Mua, Co may"
5/2/2022,32,25,27.8,31.1,24.7,84.1,4,100,8.33,19.6,149.4,1007,53.2,9.7,9,"Mua, Co may"
5/3/2022,34,25,28.3,31.3,24.3,80.8,14.9,100,50,20.5,160.5,1008.6,65,9.6,9,"Mua, Co may"
5/4/2022,33,25,27.2,29.5,24.8,88.3,6,100,4.17,16.6,245.9,1008.9,70.2,9.2,9,"Mua, Co may"
5/5/2022,31.8,24,27.8,31.2,24.5,83.3,3,100,4.17,16.6,147.5,1007.4,67.1,9.1,10,"Mua, Co may"
5/6/2022,33.9,25,29.1,32.8,24.3,77.3,0.1,100,4.17,22.3,116,1007.1,54.9,9.5,10,"Mua, Co may"
5/7/2022,34,27.9,30,34.1,23.2,67.9,0.1,100,4.17,27.7,116.8,1007.3,47,10.3,10,"Mua, Co may"
5/8/2022,32,27,29.2,33.6,23.7,72.6,1,100,4.17,20.5,110.3,1007.6,63.7,10.3,9,"Mua, Co may"
5/9/2022,35,27,30.2,35.1,24.1,71.2,2.2,100,25,24.1,128.9,1007.9,57.1,10.3,9,"Mua, Co may"
5/10/2022,34.8,27,29.9,35,24.3,73.2,3.3,100,16.67,18.4,135,1007.9,54.4,10.1,10,"Mua, Co may"
5/11/2022,34.8,27,30.1,35.9,24.9,75.3,2.8,100,16.67,14.8,152.6,1007.8,57.8,10,10,"Mua, Co may"
5/12/2022,33.8,26,29.4,34.3,24.8,77.4,3.4,100,29.17,40.7,234.4,1007.7,74.3,9.2,10,"Mua, Co may"
5/13/2022,34,26.9,29.6,35.2,25.1,77.9,25,100,4.17,14.8,209.2,1007.1,58.9,10.1,9,"Mua, Co may"
5/14/2022,35,27,30.7,37.4,25.4,74.5,0.3,100,8.33,18.4,191.7,1007.9,57.7,10.3,9,"Mua, Co may"
5/15/2022,36,28,30.5,37.6,25.8,77.4,1,100,4.17,16,207.1,1008.4,57.5,10.1,8,"Mua, Co may"
5/16/2022,32,27,29,34.6,25.1,79.8,0.3,100,4.17,14.8,176.3,1008.6,56.1,9.5,10,"Mua, Co may"
5/17/2022,33,25,28.6,32.7,24.6,80.1,7.2,100,37.5,27.7,159,1008.8,66.1,9.8,9,"Mua, Co may"
5/18/2022,30,26,27.4,31.4,25.4,88.9,60,100,8.33,11.2,154.5,1009.6,74.7,9.2,9,"Mua, Co may"
5/19/2022,33,25.5,27.5,30.3,25.3,89,3,100,4.17,22.3,172.2,1010,63.6,9,10,"Mua, Co may"
5/20/2022,34,26,29.7,33.7,24.6,76.3,4.1,100,29.17,29.5,189.8,1008.3,57.7,8.8,6,"Mua, Co may"
5/21/2022,33,26,28.1,32.2,25,84.2,39,100,8.33,29.5,242.5,1006.6,68.5,9.7,9,"Mua, Co may"
5/22/2022,33,25.9,27.3,29.6,24.9,87.3,6,100,4.17,29.5,227.1,1005.2,65.3,9.5,8,"Mua, Co may"
5/23/2022,31,25,27.7,30.5,23.8,79.9,2.8,100,25,27.7,246,1005.7,63.5,10,7,"Mua, Co may"
5/24/2022,34,26.9,30.2,35.6,24.7,74,5,100,33.33,22.3,247.1,1008.2,55.7,10.3,8,"Mua, Co may"
5/25/2022,34,27,30.2,36.2,25.2,76,1,100,12.5,18.4,268.8,1008.1,52.8,10.1,9,"Mua, Co may"
5/26/2022,33,23,28.7,33.4,24.9,81.4,6,100,4.17,42.5,276.1,1006.7,69.8,9.3,8,"Mua, Co may"
5/27/2022,33.9,24,27.1,29.7,24.7,87.7,46,100,8.33,37.1,232.6,1005.7,82.6,8.4,9,"Mua, Co may"
5/28/2022,32,24,27.2,29.3,24.3,85.6,15,100,8.33,27.7,243.7,1006.1,73.4,9,8,"Mua, Co may"
5/29/2022,32,25,27.5,30.8,24.6,84.5,6,100,8.33,22.3,250.7,1006.2,68.1,10.1,8,"Mua, Co may"
5/30/2022,32,25,27.6,31.1,25.2,87.2,5,100,20.83,24.1,229.3,1006,59.8,9.9,9,"Mua, Co may"
5/31/2022,34,26,29.7,34.9,25.2,78.2,0.2,100,8.33,18.4,206.4,1005.6,50.9,9.7,9,"Mua, Co may"
6/1/2022,33,27.9,29.3,35.8,25.8,81.5,3.7,100,29.17,14.8,205.5,1006.5,63.1,10.3,9,"Mua, Co may"
6/2/2022,31,24,27.3,30.9,25.1,88.5,14,100,4.17,20.5,193.1,1007.7,64.7,9,9,"Mua, Co may"
6/3/2022,32.9,25,27.2,30.3,24.9,87.6,12,100,8.33,22.3,180.2,1008.3,65.3,9.1,9,"Mua, Co may"
6/4/2022,33,25.9,27.8,30.2,24.2,82,6.9,100,37.5,30.1,218.4,1009.2,64.8,9.6,10,"Mua, Co may"
6/5/2022,33,24.9,28.8,32.3,23.7,75.1,0,0,0,16.6,228.5,1007.9,55.4,10,10,Co may
6/6/2022,35,25.9,29.6,35.2,25.3,78.2,0.7,100,12.5,19.3,264.5,1006.7,57,10.1,10,"Mua, Co may"
6/7/2022,34,27,30.2,35.5,24.5,72.8,4.5,100,20.83,14.8,270.2,1006.9,57,10.7,10,"Mua, Co may"
6/8/2022,35,26.9,30.7,35.6,23.8,68.1,14,100,4.17,13,302.5,1007.3,39.1,10.2,9,"Mua, Co may"
6/9/2022,36,24.4,31.1,36,23.8,67.6,3.1,100,12.5,16,253.3,1006.8,48.8,10,10,"Mua, Co may"
6/10/2022,34,25.8,29.4,33.3,24.4,76.8,64,100,4.17,13,203.8,1007.7,64.4,9.1,10,"Mua, Co may"
6/11/2022,35,26.9,30.4,35.8,24.4,71.8,2.9,100,12.5,14.8,199,1007.7,51.2,9.7,9,"Mua, Co may"
6/12/2022,34,25,27.4,29.8,23.9,82.1,13,100,4.17,20.9,158.1,1008.6,62.4,9.2,9,"Mua, Co may"
6/13/2022,33,25,28.6,33.3,25,81.7,11,100,4.17,16.6,163.2,1008.2,50.5,8.8,10,"Mua, Co may"
6/14/2022,34,25.9,30.1,35.1,24.4,72.8,1.8,100,16.67,16.6,209.2,1008.2,54.3,10.3,9,"Mua, Co may"
6/15/2022,33,27,29.2,34.3,24.6,77,2.1,100,8.33,16.6,207.4,1009,53.4,10.3,9,"Mua, Co may"
6/16/2022,34,26,29.9,34.8,24.5,74,1,100,20.83,14.8,187.3,1009.4,54.1,9.3,10,"Mua, Co may"
6/17/2022,33,27,29.4,35.2,25.2,78.7,0.9,100,16.67,14.8,202.3,1009,63,9,8,"Mua, Co may"
6/18/2022,33.9,26.5,28.9,33.7,24.4,77.4,4,100,4.17,25.9,230.5,1008.7,66.4,9.2,9,"Mua, Co may"
6/19/2022,34,25,27.8,30.6,24.3,82.3,0.2,100,4.17,22.3,204.2,1008.1,63.3,9.2,9,"Mua, Co may"
6/20/2022,34,25,28,31.2,24.3,82,12,100,4.17,11.2,193.1,1006.3,61.9,9.3,9,"Mua, Co may"
6/21/2022,34,24.8,28.2,31.6,24.2,79.9,62,100,4.17,14.8,206.8,1006.2,54.3,9.5,9,"Mua, Co may"
6/22/2022,33,24,27.2,29.5,24.5,85.9,34,100,8.33,27.7,184,1008.4,70.3,9,9,"Mua, Co may"
6/23/2022,33,25,27.2,29.9,24.9,88,76,100,4.17,18.4,181.8,1008.8,67.4,8,9,"Mua, Co may"
6/24/2022,32,24,27,29.7,24.9,88.9,4.5,100,8.33,31.7,178.6,1007.6,57.5,8.3,9,"Mua, Co may"
6/25/2022,33,25.9,28.8,33,25,81.3,2.4,100,16.67,18.4,166.4,1006.8,55.3,10,9,"Mua, Co may"
6/26/2022,34,26.9,29.5,34.5,24.5,75.6,1,100,4.17,19.9,177.5,1007.9,55.8,10.2,9,"Mua, Co may"
6/27/2022,33.9,26,29.1,34.8,25.4,80.6,0.9,100,16.67,13,203.6,1008.1,63.1,9.5,9,"Mua, Co may"
6/28/2022,32.9,23.1,28.2,32.5,24.7,82.5,16,100,8.33,24.1,233.5,1006.8,60.4,9.5,9,"Mua, Co may"
6/29/2022,34,26.9,29.7,35.5,25,77.3,3.9,100,33.33,29.5,266.6,1004.2,47.5,10.1,9,"Mua, Co may"
6/30/2022,33,26,28.4,33.5,25.1,82.9,14,100,8.33,22.3,256.3,1003.8,69.9,9.7,9,"Mua, Co may"
7/1/2022,31,25,27.6,31.3,25,85.8,5,100,4.17,21.9,249.1,1004.4,81,10.1,6,"Mua, Co may"
7/2/2022,30,26.9,28,32.6,25,84,14,100,12.5,22.3,234,1005.2,68.7,9.9,8,"Mua, Co may"
7/3/2022,30,25,27.4,31.5,25,86.9,3,100,4.17,18.4,235.2,1006.3,71.4,10.1,8,"Mua, Co may"
7/4/2022,32.9,25.9,28.6,33.5,25.3,83.2,9.8,100,41.67,20.5,241,1006.3,55.9,10.3,9,"Mua, Co may"
7/5/2022,32,26.9,29,34.9,25.4,81.4,0.9,100,4.17,22.3,238.1,1006.6,58.4,10.2,9,"Mua, Co may"
7/6/2022,34,27,29.1,35.1,25.6,81.9,5,100,4.17,20.5,229.7,1007.1,62.7,10.1,9,"Mua, Co may"
7/7/2022,33,26,29.2,35.2,25.8,82.7,1.1,100,20.83,20.5,251.6,1007,66.6,10,7,"Mua, Co may"
7/8/2022,31.8,25,27.6,31.8,25.3,87.4,0.6,100,8.33,29.5,240.7,1007,68.8,9.1,8,"Mua, Co may"
7/9/2022,32,25,27.4,30.3,25.1,88.1,34,100,8.33,31.7,246.3,1005.7,73.1,8,6,"Mua, Co may"
7/10/2022,31,23.9,26.5,28.6,24,86.8,9.4,100,8.33,29.5,273.8,1006,75.8,8.9,4,"Mua, Co may"
7/11/2022,31,25,26.9,29.3,24.3,86.3,0.5,100,8.33,24.1,274.1,1005.9,68.5,10,6,"Mua, Co may"
7/12/2022,29.1,25,26.4,28,25,92.4,2.1,100,8.33,29.9,256.9,1005,77.5,9.5,8,"Mua, Co may"
7/13/2022,31,25,27.1,29.9,24.7,87.1,2,100,4.17,29.5,266.5,1004.1,68.3,9.7,5,"Mua, Co may"
7/14/2022,31,25,27.6,30.6,24.6,84.6,2,100,4.17,25.9,257.5,1004.8,65,9.6,7,"Mua, Co may"
7/15/2022,31.8,25,27.4,31.1,25.2,87.9,1,100,4.17,27.7,253.3,1006.2,63.5,9.9,8,"Mua, Co may"
7/16/2022,32.9,26,28.2,32.7,25.4,85.4,1,100,4.17,20.5,229,1007.1,61.1,9.5,9,"Mua, Co may"
7/17/2022,33,26,28.3,32.8,25.2,84.2,7.5,100,29.17,25.9,231.9,1008.5,62.9,10.1,10,"Mua, Co may"
7/18/2022,33,25.9,28.8,33.2,25.2,81.9,0.3,100,4.17,18.4,234,1007,63.2,10,9,"Mua, Co may"
7/19/2022,32,25,27.5,30.7,24.9,86.3,40.2,100,8.33,21.6,246.8,1006,63.7,9.9,9,"Mua, Co may"
7/20/2022,29.7,24.7,25.6,26.6,24.4,92.9,50,100,12.5,22.3,169.5,1006.9,73.8,9.3,8,"Mua, Co may"
7/21/2022,29,24.9,25.7,26.6,24.9,95.4,9,100,4.17,16.6,171.5,1009.5,73.1,7.9,6,"Mua, Co may"
7/22/2022,35,24,28.5,32,24.1,79.9,1.2,100,8.33,16.6,173.3,1009.9,44.9,8.4,9,"Mua, Co may"
7/23/2022,33,25,27.8,30.6,24.6,83.6,3.8,100,29.17,21.4,122,1008.7,60.2,9.8,9,"Mua, Co may"
7/24/2022,34,25,28.9,32.9,24.9,80.6,0.8,100,20.83,18.4,127.8,1007.4,62.3,9.1,10,"Mua, Co may"
7/25/2022,35,26,29.6,35.4,25.2,77.9,3.2,100,25,20.5,113.6,1007.4,60.3,10.2,10,"Mua, Co may"
7/26/2022,32,25,28.6,33.4,25.3,83.2,9.5,100,33.33,19.6,133.4,1007.8,55.2,9.6,9,"Mua, Co may"
7/27/2022,32,25,28.2,32,24.7,82.1,1,100,4.17,14.8,162.9,1007.5,50.2,9.2,9,"Mua, Co may"
7/28/2022,33,25,28.1,31.7,24.9,83.6,1,100,4.17,16.8,214.2,1007.6,52.9,8.9,9,"Mua, Co may"
7/29/2022,35,25,29.3,34.1,24.9,78.5,0.3,100,8.33,16.8,235.3,1006.9,55.4,8.9,10,"Mua, Co may"
7/30/2022,34,26.9,29.5,35.6,25.4,79.7,2.8,100,25,27.7,245.4,1006.4,64.7,9.7,9,"Mua, Co may"
7/31/2022,34,26,29.4,35.3,25.6,81.4,4,100,29.17,27.7,232.2,1005.4,65.2,10.2,10,"Mua, Co may"
8/1/2022,32.9,25,27.4,31.4,25.4,88.9,10,100,8.33,24.1,173.7,1006.4,59.2,9.6,9,"Mua, Co may"
8/2/2022,32.1,26,28.2,32.8,25.4,85.1,28.1,100,8.33,22.5,218.3,1007.3,53.3,9.4,9,"Mua, Co may"
8/3/2022,33,26,28.4,33,25.4,84.4,41,100,8.33,22.3,269.8,1008.4,61.6,9.6,8,"Mua, Co may"
8/4/2022,31,25,27.3,30.8,25.3,89.6,2,100,4.17,13,256.5,1008.1,63.6,9,8,"Mua, Co may"
8/5/2022,32,25,27.9,32.4,25.3,86.5,29,100,4.17,18.4,282.8,1007.6,61.9,9.5,8,"Mua, Co may"
8/6/2022,30,24,27,30,24.7,87.5,9,100,4.17,22.3,208.7,1007,66.8,9,7,"Mua, Co may"
8/7/2022,30,25,27.1,29.7,24.6,86.4,3.8,100,8.33,22.3,265.9,1006.6,73.1,10,5,"Mua, Co may"
8/8/2022,30,24,26.6,28.4,23.9,85.6,15,100,4.17,40.7,268.5,1006.6,79.4,9.9,2,"Mua, Co may"
8/9/2022,32,24.9,27.5,29.8,23.8,81.1,2,100,4.17,27.7,270,1006.1,67.3,9.9,3,"Mua, Co may"
8/10/2022,32,26,28.4,32.1,24.4,79.5,2,100,4.17,33.5,253.6,1005.8,60.3,10.1,10,"Mua, Co may"
8/11/2022,30,24.9,26.2,27.3,23.4,84.4,0.4,100,4.17,28.2,235.4,1007.4,70.4,9.9,8,"Mua, Co may"
8/12/2022,33,24,27.8,31.6,24.4,82.7,6,100,4.17,27.7,190.1,1008.3,65.8,9.4,9,"Mua, Co may"
8/13/2022,34,25.9,29.7,32.9,23.3,71.1,0.1,100,4.17,14.8,245.2,1008.3,38.7,9.8,9,"Mua, Co may"
8/14/2022,34,26,29.6,34.2,24.2,73.8,0.1,100,4.17,14.8,259.3,1008,51.7,9.3,10,"Mua, Co may"
8/15/2022,32,23,27.3,31,24.8,86.6,17.9,100,62.5,35.3,234.5,1007.5,79.4,8.6,5,"Mua, Co may"
8/16/2022,32,25,26.8,29.9,25.6,93.7,8.3,100,37.5,36,197.1,1007.8,78.5,7.8,9,"Mua, Co may"
8/17/2022,31,26,27.9,31.5,25,84.7,3.1,100,41.67,24.1,222.8,1008.1,62.7,9.6,9,"Mua, Co may"
8/18/2022,33,26,28.8,32.9,24.7,79.7,1.3,100,29.17,31.7,251.3,1007.3,55.3,9.7,9,"Mua, Co may"
8/19/2022,34,26,28.6,32.7,24.5,79.2,13.7,100,41.67,20.5,233.1,1006.8,53.7,9.4,10,"Mua, Co may"
8/20/2022,33,26,28.5,33.2,24.8,80.5,10.4,100,41.67,27.7,250.8,1006.2,67.4,9.7,8,"Mua, Co may"
8/21/2022,32,27,28.4,32.7,24.5,79.8,11.2,100,58.33,24.1,227.4,1006.8,52.1,9.8,9,"Mua, Co may"
8/22/2022,35,26,28.8,32.2,24.2,77.2,11.9,100,54.17,16.6,231.1,1007.5,60.6,9.5,9,"Mua, Co may"
